Site,LICOR_number,Patch,CO2_Flux,CO2_Flux_cell,CO2_Flux_chl.a,Temp_aq,Light,Volume,Cell_count,Chl.a,CO2_sample,CO2_reference,H2O_sample,H2O_reference,CO2_a,H2O_a,Flow,Light,CO2_match_time,H2O_match_time
Bagley_Lake,LI_7,Patch_2,-0.000106303,-4.23E-11,-0.00036343,3.92674,2999.69,15,"167,500",0.0195,0.198531,-0.0671292,7.19703,6.79252,0.943003,7.20998,400.026,2999.69,2.3,2.3
Bagley_Lake,LI_7,Patch_2,1.59E-05,6.35E-12,5.45E-05,4.0277,2999.36,15,"167,500",0.0195,49.9541,50.015,7.1969,6.77876,50.5505,7.21029,400.004,2999.36,6.9,7
Bagley_Lake,LI_7,Patch_2,9.20E-05,3.66E-11,0.000314558,4.255,3000.02,15,"167,500",0.0195,99.7106,99.9829,7.21889,6.79747,100.373,7.23212,400.08,3000.02,2.9,3
Bagley_Lake,LI_7,Patch_2,0.000256692,1.02E-10,0.000877581,4.32239,3000.63,15,"167,500",0.0195,199.249,199.976,7.23379,6.80911,200.064,7.24695,399.978,3000.63,3,3
Bagley_Lake,LI_7,Patch_2,0.000393242,1.57E-10,0.001344417,4.40196,3000.57,15,"167,500",0.0195,298.91,300.023,7.2457,6.81405,299.864,7.2571,400.029,3000.57,3,3.1
Bagley_Lake,LI_7,Patch_2,0.000431499,1.71741E-10,0.001475209,3.885215,3000.485,15,167500,0.0195,398.82,400.0665,7.23164,6.81392,399.592,7.24581,400.02,3000.485,4.5,4.5
Bagley_Lake,LI_7,Patch_2,0.000223258,8.89E-11,0.000763274,3.88503,2999.78,15,"167,500",0.0195,419.159,419.912,7.24434,6.78263,420.088,7.25717,400.062,2999.78,2.8,2.9
Bagley_Lake,LI_7,Patch_2,0.000461057,1.84E-10,0.001576264,4.38538,2999.15,15,"167,500",0.0195,418.715,420.049,7.24796,6.81789,419.554,7.26325,400.012,2999.15,3.2,3.2
Bagley_Lake,LI_7,Patch_2,0.000529968,2.11E-10,0.001811855,3.89656,2999.95,15,"167,500",0.0195,598.296,599.887,7.2718,6.82988,599.012,7.28577,400.077,2999.95,2.9,3
Bagley_Lake,LI_7,Patch_2,0.000588689,2.34E-10,0.002012613,3.85858,3000.23,15,"167,500",0.0195,798.273,800.129,7.27438,6.79651,799.009,7.2868,399.997,3000.23,2.9,3
Bagley_Lake,LI_7,Patch_2,0.000531037,2.11E-10,0.001815511,3.83485,2999.15,15,"167,500",0.0195,998.091,999.886,7.26229,6.79731,998.606,7.27656,400.024,2999.15,2.9,3
Bagley_Lake,LI_7,Patch_2,0.000624503,2.49E-10,0.002135054,3.83554,3000.24,15,"167,500",0.0195,1197.98,1200.1,7.2829,6.8198,1198.42,7.29507,400.029,3000.24,2.6,2.9
Bagley_Lake,LI_7,Patch_2,0.000630203,2.51E-10,0.002154539,3.84657,3000.13,15,"167,500",0.0195,1397.74,1399.97,7.30589,6.84118,1398.45,7.31655,399.957,3000.13,3,3.1
Bagley_Lake,LI_7,Patch_2,0.000684916,2.73E-10,0.002341592,3.89188,3000.59,15,"167,500",0.0195,1597.51,1599.97,7.31634,6.85173,1598.13,7.32657,399.995,3000.59,3,3
Bagley_Lake,LI_8,Patch_3,-0.000132052,-6.46E-11,-0.000287225,4.3541,2999.81,15,"136,250",0.03065,0.330399,0.000520114,7.36021,6.8191,0.927235,7.36636,400.085,2999.81,0.7,0.8
Bagley_Lake,LI_8,Patch_3,5.14E-06,2.51E-12,1.12E-05,4.32181,3000.22,15,"136,250",0.03065,49.9644,50.0039,7.36882,6.83939,50.511,7.37558,399.816,3000.22,6.9,7
Bagley_Lake,LI_8,Patch_3,9.55E-05,4.67E-11,0.000207644,4.26274,2999.35,15,"136,250",0.03065,99.6987,99.9894,7.36702,6.84903,100.311,7.37379,399.979,2999.35,2.9,3
Bagley_Lake,LI_8,Patch_3,0.000286842,1.40E-10,0.00062391,4.1951,3000.79,15,"136,250",0.03065,199.212,200.036,7.34197,6.80921,199.878,7.34804,400.013,3000.79,2.9,3
Bagley_Lake,LI_8,Patch_3,0.000388132,1.90E-10,0.000844224,4.17357,2999.33,15,"136,250",0.03065,298.896,300.019,7.36207,6.85473,299.746,7.36831,400.04,2999.33,3.1,3.1
Bagley_Lake,LI_8,Patch_3,0.000434515,2.12607E-10,0.000945112,4.399285,3000.4,15,136250,0.03065,398.7375,400.045,7.37992,6.829315,399.43,7.38748,399.9865,3000.4,4.8,4.8
Bagley_Lake,LI_8,Patch_3,0.000466209,2.28E-10,0.001014049,4.18509,3000.13,15,"136,250",0.03065,418.665,420.053,7.33429,6.80753,419.415,7.34372,399.893,3000.13,3.1,3.2
Bagley_Lake,LI_8,Patch_3,0.000507107,2.48E-10,0.001103007,4.40589,3000.04,15,"136,250",0.03065,598.393,599.99,7.38568,6.83985,598.916,7.39454,399.943,3000.04,2.9,3
Bagley_Lake,LI_8,Patch_3,0.000640286,3.13E-10,0.001392682,4.39923,2999.12,15,"136,250",0.03065,797.953,799.991,7.37395,6.83042,798.665,7.37973,399.912,2999.12,3,3.1
Bagley_Lake,LI_8,Patch_3,0.000617641,3.02E-10,0.001343428,4.4217,3000.18,15,"136,250",0.03065,997.957,1000.04,7.37899,6.84312,998.517,7.38516,399.962,3000.18,2.7,3
Bagley_Lake,LI_8,Patch_3,0.00059001,2.89E-10,0.001283327,4.40253,3000.03,15,"136,250",0.03065,1197.92,1200.03,7.35322,6.82737,1198.21,7.36202,399.896,3000.03,2.8,2.9
Bagley_Lake,LI_8,Patch_3,0.000546912,2.68E-10,0.001189586,4.33937,2999.86,15,"136,250",0.03065,1397.78,1399.87,7.35863,6.84544,1398.47,7.36522,399.978,2999.86,2.8,3
Bagley_Lake,LI_8,Patch_3,0.000684683,3.35E-10,0.001489251,4.29666,2999.9,15,"136,250",0.03065,1597.53,1600.07,7.35944,6.84494,1598.03,7.36537,399.937,2999.9,2.6,2.9
Bagley_Lake,LI_9,Patch_4,-0.000184647,-5.50E-11,-0.000417989,4.13848,3001.42,15,"223,750",0.02945,0.507494,0.0461199,7.20594,6.85352,0.969446,7.21076,400.054,3001.42,11,11
Bagley_Lake,LI_9,Patch_4,1.65E-05,4.93E-12,3.75E-05,4.16895,2999.86,15,"223,750",0.02945,49.9532,50.0118,7.20425,6.86171,50.4793,7.20907,400.01,2999.86,7,7
Bagley_Lake,LI_9,Patch_4,0.000109341,3.26E-11,0.000247519,4.17862,3000.45,15,"223,750",0.02945,99.6648,99.9724,7.19617,6.85497,100.257,7.20105,400.008,3000.45,2.9,3
Bagley_Lake,LI_9,Patch_4,0.000317253,9.45E-11,0.000718173,4.1591,2999.64,15,"223,750",0.02945,199.122,199.983,7.19412,6.85569,199.771,7.19949,400.005,2999.64,2.9,3.1
Bagley_Lake,LI_9,Patch_4,0.000456444,1.36E-10,0.001033264,4.14354,3000.81,15,"223,750",0.02945,298.756,300.001,7.19027,6.84506,299.577,7.19415,399.997,3000.81,3.1,3.1
Bagley_Lake,LI_9,Patch_4,0.000564331,1.68143E-10,0.001277488,4.12591,3000.56,15,223750,0.02945,398.455,400.0125,7.215485,6.849805,399.124,7.220285,400.027,3000.56,4.5,4.5
Bagley_Lake,LI_9,Patch_4,0.000587947,1.75E-10,0.00133095,4.1452,3000.16,15,"223,750",0.02945,418.42,420.033,7.19729,6.85744,419.081,7.20338,400.027,3000.16,3.2,3.2
Bagley_Lake,LI_9,Patch_4,0.000629522,1.88E-10,0.001425065,4.09988,3000.43,15,"223,750",0.02945,598.115,599.893,7.27676,6.93905,598.525,7.28402,399.816,3000.43,2.8,3
Bagley_Lake,LI_9,Patch_4,0.000722563,2.15E-10,0.001635684,4.09338,3000.23,15,"223,750",0.02945,797.894,799.953,7.38132,7.06646,798.436,7.38552,400.111,3000.23,3,3.1
Bagley_Lake,LI_9,Patch_4,0.000765657,2.28E-10,0.001733237,4.07492,3000.07,15,"223,750",0.02945,997.718,999.932,7.48793,7.189,998.146,7.49065,400.134,3000.07,2.8,3
Bagley_Lake,LI_9,Patch_4,0.00076571,2.28E-10,0.001733357,4.03526,3000.21,15,"223,750",0.02945,1197.8,1200.05,7.58952,7.31109,1197.92,7.59201,400.069,3000.21,3,3
Bagley_Lake,LI_9,Patch_4,0.00085072,2.53E-10,0.001925794,3.99986,2999.23,15,"223,750",0.02945,1397.58,1400.09,7.71185,7.4397,1398.09,7.71164,400.02,2999.23,3.1,3.2
Bagley_Lake,LI_9,Patch_4,0.000830006,2.47E-10,0.001878905,3.95431,2999.29,15,"223,750",0.02945,1597.64,1600.14,7.82771,7.56364,1597.9,7.82834,400.045,2999.29,2.8,2.9
Bagley_Lake,LI_10,Patch_5,-0.000179934,-1.12E-10,-0.00042689,4.07306,3000.65,15,"107,500",0.0281,0.550735,0.101053,7.15956,6.81031,0.993338,7.165,399.964,3000.65,11,11.1
Bagley_Lake,LI_10,Patch_5,5.16E-05,3.20E-11,0.000122307,4.08723,2999.23,15,"107,500",0.0281,49.8291,49.9764,7.12532,6.75821,50.3356,7.131,400.015,2999.23,7,7.1
Bagley_Lake,LI_10,Patch_5,0.000178164,1.10E-10,0.000422691,4.08883,2999.26,15,"107,500",0.0281,99.5316,100.013,7.13369,6.77515,100.104,7.13931,399.958,2999.26,3,3
Bagley_Lake,LI_10,Patch_5,0.00040113,2.49E-10,0.000951673,4.09176,3000.4,15,"107,500",0.0281,198.891,199.967,7.13025,6.76511,199.459,7.13483,399.988,3000.4,2.8,3
Bagley_Lake,LI_10,Patch_5,0.000554505,3.44E-10,0.001315552,4.09155,3000.35,15,"107,500",0.0281,298.457,299.95,7.13519,6.77905,299.192,7.13855,400.092,3000.35,3,3.1
Bagley_Lake,LI_10,Patch_5,0.000638797,3.96154E-10,0.001515534,4.025495,3000.27,15,107500,0.0281,398.267,400.0155,7.19042,6.812805,398.864,7.19539,399.9935,3000.27,4.4,4.5
Bagley_Lake,LI_10,Patch_5,0.00066746,4.14E-10,0.001583534,4.06754,3000.13,15,"107,500",0.0281,418.211,420.023,7.11957,6.78014,418.788,7.12519,399.909,3000.13,3.1,3.2
Bagley_Lake,LI_10,Patch_5,0.000774693,4.80E-10,0.001837944,4.00049,3000,15,"107,500",0.0281,597.785,599.958,7.18631,6.79352,598.138,7.19396,400.049,3000,3,3
Bagley_Lake,LI_10,Patch_5,0.000886463,5.50E-10,0.002103115,3.974,3000.23,15,"107,500",0.0281,797.402,799.942,7.17686,6.77426,797.901,7.18193,399.912,3000.23,2.7,3
Bagley_Lake,LI_10,Patch_5,0.000943644,5.85E-10,0.002238775,3.9679,3000.71,15,"107,500",0.0281,996.884,999.632,7.14626,6.74919,997.187,7.15276,401.667,3000.71,0.1,0.1
Bagley_Lake,LI_10,Patch_5,0.000860414,5.34E-10,0.002041315,3.9484,2999.56,15,"107,500",0.0281,1197.3,1199.94,7.15925,6.75345,1197.29,7.16556,400.075,2999.56,3.1,3.2
Bagley_Lake,LI_10,Patch_5,0.000871403,5.40E-10,0.002067386,3.93816,2999.43,15,"107,500",0.0281,1397.31,1400.05,7.15769,6.75917,1397.57,7.16362,399.886,2999.43,2.9,3
Bagley_Lake,LI_10,Patch_5,0.000948686,5.88E-10,0.002250737,3.93317,3000.14,15,"107,500",0.0281,1597.18,1600.16,7.17396,6.79501,1597.29,7.17921,400.226,3000.14,2.9,2.9
Bagley_Lake,LI_11,Patch_6,-0.000131689,-7.47E-11,-0.00043787,3.92099,2999.46,15,"117,500",0.02005,0.260738,-0.0684134,7.0506,6.74467,0.845826,7.05764,399.99,2999.46,1.3,1.4
Bagley_Lake,LI_11,Patch_6,1.09E-05,6.17E-12,3.62E-05,3.93292,3000.03,15,"117,500",0.02005,49.9338,49.9754,7.05686,6.77062,50.4515,7.06404,400,3000.03,7,7.1
Bagley_Lake,LI_11,Patch_6,0.000131198,7.44E-11,0.000436235,3.94061,2999.94,15,"117,500",0.02005,99.6678,100.027,7.07142,6.76124,100.252,7.0785,399.914,2999.94,3,3
Bagley_Lake,LI_11,Patch_6,0.000231134,1.31E-10,0.000768527,3.95044,2999.55,15,"117,500",0.02005,199.37,200.013,7.07391,6.75005,199.936,7.07997,399.906,2999.55,2.9,3.1
Bagley_Lake,LI_11,Patch_6,0.000375806,2.13E-10,0.001249562,3.9536,3000.31,15,"117,500",0.02005,299.038,300.077,7.08735,6.75682,299.734,7.09154,400.026,3000.31,3,3.1
Bagley_Lake,LI_11,Patch_6,0.000430755,2.444E-10,0.001432267,3.905135,3000.1,15,117500,0.02005,398.7935,399.991,7.057865,6.757925,399.4335,7.06545,399.943,3000.1,4.5,4.5
Bagley_Lake,LI_11,Patch_6,0.000393983,2.24E-10,0.001310001,3.92535,2999.65,15,"117,500",0.02005,418.785,419.903,7.10101,6.78566,419.384,7.10828,399.986,2999.65,2.4,2.5
Bagley_Lake,LI_11,Patch_6,0.000548138,3.11E-10,0.00182257,3.8916,2999.97,15,"117,500",0.02005,598.461,600.005,7.07195,6.78369,598.939,7.08358,400.025,2999.97,2.9,2.9
Bagley_Lake,LI_11,Patch_6,0.000582333,3.30E-10,0.001936269,3.94095,2999.65,15,"117,500",0.02005,798.272,799.972,7.05435,6.751,798.839,7.06295,399.92,2999.65,2.8,3
Bagley_Lake,LI_11,Patch_6,0.000707339,4.01E-10,0.002351918,3.94982,2999.59,15,"117,500",0.02005,998.101,1000.17,7.05426,6.75535,998.419,7.0647,399.957,2999.59,2.8,3
Bagley_Lake,LI_11,Patch_6,0.000571837,3.24E-10,0.00190137,3.9561,3000.2,15,"117,500",0.02005,1198.16,1199.94,7.08167,6.79126,1198.19,7.09256,400.009,3000.2,3,3
Bagley_Lake,LI_11,Patch_6,0.000556558,3.16E-10,0.001850565,3.94438,3000.08,15,"117,500",0.02005,1398.03,1399.85,7.07484,6.77025,1398.31,7.08411,400.073,3000.08,3,3.2
Bagley_Lake,LI_11,Patch_6,0.000629935,3.57E-10,0.002094547,3.95493,2999.95,15,"117,500",0.02005,1597.88,1599.95,7.07077,6.76326,1598.22,7.07868,399.924,2999.95,2.8,2.9
Black_Peak,LI_15,Patch_1,-9.09E-05,-4.49E-11,-0.000300004,3.84618,2999.76,15,"135,000",0.0202,-0.0848433,-0.31211,7.22123,6.78221,0.608358,7.24055,400.042,2999.76,3,3.2
Black_Peak,LI_15,Patch_1,4.48E-05,2.21E-11,0.000147927,3.96644,3000.16,15,"135,000",0.0202,49.8238,49.9584,7.25883,6.80995,50.4999,7.27701,399.941,3000.16,7,7
Black_Peak,LI_15,Patch_1,0.000192466,9.50E-11,0.0006352,4.10036,3000.44,15,"135,000",0.0202,99.5197,100.047,7.29018,6.83012,100.294,7.30811,399.988,3000.44,3,3
Black_Peak,LI_15,Patch_1,0.000289771,1.43E-10,0.00095634,4.09715,3000.5,15,"135,000",0.0202,199.168,199.986,7.30447,6.83878,200.038,7.32377,399.923,3000.5,3,3.1
Black_Peak,LI_15,Patch_1,0.000364689,1.80E-10,0.001203595,4.11094,2998.76,15,"135,000",0.0202,298.899,299.949,7.3059,6.84607,299.942,7.32587,400.078,2998.76,3,3.1
Black_Peak,LI_15,Patch_1,0.000457064,2.25711E-10,0.001508461,3.927155,2999.875,15,135000,0.0202,398.7855,400.1045,7.244635,6.80613,399.7165,7.26588,399.9315,2999.875,4.5,4.5
Black_Peak,LI_15,Patch_1,0.000427147,2.11E-10,0.001409726,4.08568,3000.88,15,"135,000",0.0202,418.803,420.062,7.28812,6.83515,419.808,7.30924,399.987,3000.88,3.2,3.2
Black_Peak,LI_15,Patch_1,0.000451981,2.23E-10,0.001491687,4.0049,2999.8,15,"135,000",0.0202,598.621,600.012,7.24974,6.8166,599.369,7.26686,400.047,2999.8,3,3
Black_Peak,LI_15,Patch_1,0.00058353,2.88E-10,0.00192584,4.06026,3000.23,15,"135,000",0.0202,798.206,800.013,7.25677,6.8242,799.284,7.27646,399.898,3000.23,2.9,3
Black_Peak,LI_15,Patch_1,0.00060662,3.00E-10,0.002002046,4.06414,3000.58,15,"135,000",0.0202,998.162,1000.1,7.25167,6.83168,999.004,7.27208,400.219,3000.58,3.1,3.1
Black_Peak,LI_15,Patch_1,0.000532917,2.63E-10,0.0017588,4.06198,2999.95,15,"135,000",0.0202,1198.13,1199.96,7.25702,6.84439,1198.82,7.27434,400.087,2999.95,2.6,2.9
Black_Peak,LI_15,Patch_1,0.000632859,3.13E-10,0.002088644,4.05182,2999.71,15,"135,000",0.0202,1397.91,1400.07,7.23912,6.82832,1398.9,7.25762,400.151,2999.71,6.6,3
Black_Peak,LI_15,Patch_1,0.000595131,2.94E-10,0.00196413,4.09509,2999.42,15,"135,000",0.0202,1597.65,1599.8,7.25021,6.83849,1598.56,7.26552,400.112,2999.42,2.7,3
Black_Peak,LI_16,Patch_2,-0.0001,-6.94E-12,-0.00029304,4.1465,2999.69,15,"961,250",0.02275,0.054613,-0.2013,7.23323,6.77265,0.702283,7.24581,400.123,2999.69,2.8,2.9
Black_Peak,LI_16,Patch_2,0.000112,7.77E-12,0.000328205,4.15933,2999.35,15,"961,250",0.02275,49.7097,50.0121,7.23342,6.77535,50.2635,7.24755,400.027,2999.35,6.9,7
Black_Peak,LI_16,Patch_2,0.000228,1.58E-11,0.000668132,4.12468,3000.11,15,"961,250",0.02275,99.3678,99.9854,7.2308,6.76011,100.02,7.24495,399.978,3000.11,2.9,3
Black_Peak,LI_16,Patch_2,0.000413,2.86E-11,0.001210256,4.09423,3000.06,15,"961,250",0.02275,198.891,200.017,7.24524,6.77597,199.664,7.25943,399.834,3000.06,3,3.1
Black_Peak,LI_16,Patch_2,0.00046,3.19E-11,0.001347985,4.08313,2999.46,15,"961,250",0.02275,298.686,299.977,7.25278,6.78867,299.597,7.26705,399.819,2999.46,3.1,3
Black_Peak,LI_16,Patch_2,0.0005445,3.77633E-11,0.001595604,4.12372,2999.39,15,961250,0.02275,398.4975,400.0445,7.26899,6.806885,399.2705,7.284825,399.9375,2999.39,4.75,4.8
Black_Peak,LI_16,Patch_2,0.000515,3.57E-11,0.001509158,4.07703,2999.85,15,"961,250",0.02275,418.536,420.014,7.25202,6.80126,419.304,7.2698,399.964,2999.85,3,3.2
Black_Peak,LI_16,Patch_2,0.000638,4.42E-11,0.001869597,4.0957,3000.59,15,"961,250",0.02275,598.181,600.05,7.28102,6.82611,598.802,7.29806,399.981,3000.59,3.1,3.1
Black_Peak,LI_16,Patch_2,0.000595,4.13E-11,0.00174359,4.1184,3000.05,15,"961,250",0.02275,798.018,799.873,7.30407,6.84521,798.735,7.31644,400.142,3000.05,2.9,2.9
Black_Peak,LI_16,Patch_2,0.000614,4.26E-11,0.001799267,4.10263,2999.93,15,"961,250",0.02275,997.991,999.99,7.28385,6.82161,998.486,7.29799,400.176,2999.93,2.6,3
Black_Peak,LI_16,Patch_2,0.0007,4.85E-11,0.002051282,4.1329,3000.58,15,"961,250",0.02275,1197.75,1200.06,7.28223,6.81815,1198.26,7.29725,399.837,3000.58,2.9,3
Black_Peak,LI_16,Patch_2,0.000759,5.26E-11,0.002224176,4.04693,3000.37,15,"961,250",0.02275,1397.4,1399.95,7.27743,6.81395,1398.04,7.29187,399.939,3000.37,3,3.2
Black_Peak,LI_16,Patch_2,0.000653,4.53E-11,0.001913553,3.93313,3000.45,15,"961,250",0.02275,1597.36,1599.76,7.26435,6.78796,1597.94,7.27402,399.978,3000.45,2.7,2.9
Black_Peak,LI_17,Patch_3,-0.000175163,-1.78E-11,-0.000223493,4.09329,3000.31,15,"656,250",0.05225,0.376725,-0.0608829,7.27962,6.76086,0.975092,7.28942,400.093,3000.31,2.1,2.2
Black_Peak,LI_17,Patch_3,5.40E-05,5.48E-12,6.89E-05,4.07568,2999.45,15,"656,250",0.05225,49.8265,49.9873,7.27663,6.76127,50.2871,7.28737,400.023,2999.45,7,7.1
Black_Peak,LI_17,Patch_3,0.000177677,1.80E-11,0.000226701,4.04721,2999.8,15,"656,250",0.05225,99.4649,99.9598,7.27437,6.76673,100.024,7.28512,400.139,2999.8,2.9,3
Black_Peak,LI_17,Patch_3,0.000420027,4.27E-11,0.00053592,4.01678,3000.42,15,"656,250",0.05225,198.865,200.016,7.27157,6.7697,199.569,7.28183,399.849,3000.42,3,3
Black_Peak,LI_17,Patch_3,0.000472,4.79E-11,0.000602233,4.02499,3000.62,15,"656,250",0.05225,298.66,299.994,7.28405,6.7722,299.408,7.29294,399.997,3000.62,3.1,3
Black_Peak,LI_17,Patch_3,0.000686538,6.97436E-11,0.000875966,4.11278,3000.64,15,656250,0.05225,398.115,400.041,7.309105,6.787235,398.823,7.320305,399.905,3000.64,4.3,4.5
Black_Peak,LI_17,Patch_3,0.000563299,5.72E-11,0.000718722,4.11641,2999.51,15,"656,250",0.05225,418.41,420.028,7.27199,6.77526,419.036,7.28553,399.888,2999.51,1.6,1.7
Black_Peak,LI_17,Patch_3,0.000699856,7.11E-11,0.000892958,4.13862,3000.3,15,"656,250",0.05225,597.971,600.037,7.31736,6.79259,598.466,7.32889,399.943,3000.3,2.9,2.9
Black_Peak,LI_17,Patch_3,0.000705569,7.17E-11,0.000900248,4.15604,2999.84,15,"656,250",0.05225,797.739,799.928,7.33328,6.80399,798.364,7.3408,400.063,2999.84,2.9,2.9
Black_Peak,LI_17,Patch_3,0.000788886,8.01E-11,0.001006554,4.13706,3000.17,15,"656,250",0.05225,997.538,1000.04,7.32885,6.80142,998.019,7.33811,400.047,3000.17,3,3
Black_Peak,LI_17,Patch_3,0.000740909,7.53E-11,0.000945338,4.15065,2999.82,15,"656,250",0.05225,1197.62,1200.12,7.33389,6.79721,1197.82,7.34309,399.948,2999.82,2.7,2.9
Black_Peak,LI_17,Patch_3,0.000841145,8.54E-11,0.001073231,4.15942,2999.58,15,"656,250",0.05225,1397.24,1400.11,7.31611,6.77119,1397.69,7.32577,399.973,2999.58,2.8,2.9
Black_Peak,LI_17,Patch_3,0.000802119,8.15E-11,0.001023437,4.09975,3000.13,15,"656,250",0.05225,1597.38,1600.23,7.27758,6.75325,1597.63,7.28807,399.799,3000.13,2.8,2.9
Black_Peak,LI_18,Patch_4,-0.000182263,-2.18E-11,-0.00058842,4.10727,2999.83,15,"557,500",0.02065,0.458784,0.00323283,7.25859,6.76383,1.00224,7.26388,399.893,2999.83,1.3,1.3
Black_Peak,LI_18,Patch_4,-7.02E-06,-8.40E-13,-2.27E-05,4.09876,3000.65,15,"557,500",0.02065,49.926,49.9334,7.27149,6.77538,50.3764,7.27652,400.081,3000.65,7,7.1
Black_Peak,LI_18,Patch_4,0.000130891,1.57E-11,0.000422569,4.07042,3000.72,15,"557,500",0.02065,99.6659,100.041,7.26767,6.7894,100.215,7.27273,400.175,3000.72,3,3
Black_Peak,LI_18,Patch_4,0.000185816,2.22E-11,0.000599889,4.03152,2999.78,15,"557,500",0.02065,199.446,200.004,7.26371,6.79894,200.019,7.27108,399.926,2999.78,3,3.1
Black_Peak,LI_18,Patch_4,0.000276053,3.30E-11,0.000891211,4.05579,2999.44,15,"557,500",0.02065,299.18,300.01,7.26315,6.79794,299.925,7.26715,400.192,2999.44,2.8,3.1
Black_Peak,LI_18,Patch_4,0.000410179,4.90498E-11,0.001324225,4.117945,2999.745,15,557500,0.02065,398.8245,400.0465,7.28257,6.7929,399.3825,7.289015,400.0615,2999.745,4.9,5
Black_Peak,LI_18,Patch_4,0.000407768,4.88E-11,0.001316441,4.19623,2999.89,15,"557,500",0.02065,418.908,420.127,7.26867,6.79601,419.578,7.27301,399.949,2999.89,1.6,1.6
Black_Peak,LI_18,Patch_4,0.000429998,5.14E-11,0.001388208,4.11935,3000.49,15,"557,500",0.02065,598.587,599.948,7.2682,6.79359,598.894,7.27951,400.063,3000.49,2.9,3
Black_Peak,LI_18,Patch_4,0.000455763,5.45E-11,0.001471389,4.13449,2999.59,15,"557,500",0.02065,798.451,799.969,7.28677,6.81619,798.85,7.29311,399.965,2999.59,2.7,3
Black_Peak,LI_18,Patch_4,0.000527674,6.31E-11,0.001703548,4.12949,3000.3,15,"557,500",0.02065,998.325,1000.11,7.29283,6.8298,998.708,7.30077,399.95,3000.3,2.9,3.2
Black_Peak,LI_18,Patch_4,0.000390325,4.67E-11,0.001260128,4.15082,2999.69,15,"557,500",0.02065,1198.53,1200.07,7.30627,6.83918,1198.44,7.31376,399.899,2999.69,3,3
Black_Peak,LI_18,Patch_4,0.000368792,4.41E-11,0.001190612,4.19147,2999.3,15,"557,500",0.02065,1398.24,1399.83,7.31951,6.84512,1398.57,7.32498,400.079,2999.3,2.8,3
Black_Peak,LI_18,Patch_4,0.000507652,6.07E-11,0.00163891,4.08938,2999.48,15,"557,500",0.02065,1597.9,1599.95,7.30947,6.82433,1598.13,7.31497,400.014,2999.48,2.9,3
Black_Peak,LI_19,Patch_5,-0.000101437,-1.83E-11,-0.000291484,3.98816,3000.05,15,"370,000",0.0232,0.143076,-0.110431,7.15867,6.75331,0.63492,7.16527,400.041,3000.05,1.9,2
Black_Peak,LI_19,Patch_5,5.21E-05,9.39E-12,0.0001497,3.99378,2999.78,15,"370,000",0.0232,49.826,49.9767,7.1741,6.76559,50.2887,7.17951,400.125,2999.78,7.1,7
Black_Peak,LI_19,Patch_5,0.000197672,3.56E-11,0.000568022,3.99525,3000.15,15,"370,000",0.0232,99.5611,100.096,7.17657,6.77134,100.123,7.18196,399.932,3000.15,3.1,3
Black_Peak,LI_19,Patch_5,0.000302488,5.45E-11,0.000869218,4.01398,3000.25,15,"370,000",0.0232,199.189,200.03,7.18172,6.76096,199.778,7.1862,399.808,3000.25,3,3
Black_Peak,LI_19,Patch_5,0.000353002,6.36E-11,0.001014373,4.0228,3000.28,15,"370,000",0.0232,299.014,300.025,7.20177,6.77449,299.654,7.20703,400.088,3000.28,3,3.1
Black_Peak,LI_19,Patch_5,0.0003556,6.4072E-11,0.001021839,4.005745,2999.87,15,370000,0.0232,398.948,400.0005,7.18493,6.777285,399.4715,7.19096,400.138,2999.87,4.6,4.8
Black_Peak,LI_19,Patch_5,0.000390296,7.03E-11,0.001121541,4.05744,3000.07,15,"370,000",0.0232,418.813,419.971,7.22689,6.79453,419.341,7.23241,400.056,3000.07,4.2,4.3
Black_Peak,LI_19,Patch_5,0.000445001,8.02E-11,0.001278737,4.03441,2999.73,15,"370,000",0.0232,598.604,599.959,7.18672,6.78458,598.949,7.19633,399.988,2999.73,2.9,3
Black_Peak,LI_19,Patch_5,0.000445578,8.03E-11,0.001280396,4.03372,2999.78,15,"370,000",0.0232,798.503,799.941,7.20136,6.79834,798.868,7.20639,400.033,2999.78,2.8,2.9
Black_Peak,LI_19,Patch_5,0.000524725,9.45E-11,0.00150783,4.027,2999.88,15,"370,000",0.0232,998.305,1000.01,7.20365,6.81242,998.427,7.2116,400.065,2999.88,3,3.1
Black_Peak,LI_19,Patch_5,0.000465892,8.39E-11,0.001338771,4.02136,2999.56,15,"370,000",0.0232,1198.31,1199.95,7.21704,6.82312,1198.34,7.22266,400.069,2999.56,2.8,3.2
Black_Peak,LI_19,Patch_5,0.000608638,1.10E-10,0.00174896,4.02734,2999.73,15,"370,000",0.0232,1398.34,1400.42,7.22546,6.82916,1398.49,7.2315,399.945,2999.73,3,3
Black_Peak,LI_19,Patch_5,0.000437855,7.89E-11,0.001258203,4.04581,3000.05,15,"370,000",0.0232,1598.18,1599.91,7.21505,6.82033,1598.32,7.22168,400.02,3000.05,2.8,3
Black_Peak,LI_19,Patch_5,0.000570631,1.03E-10,0.001639745,4.04626,3001.01,15,"370,000",0.0232,1597.87,1599.94,7.21663,6.81656,1598.01,7.22325,400.136,3001.01,3.1,3.3
Black_Peak,LI_20,Patch_6,-0.000168363,-1.71E-11,-0.000441897,4.07211,3000.38,15,"656,250",0.0254,0.431817,0.011204,7.33654,6.82081,0.838517,7.34318,400.066,3000.38,1.5,1.7
Black_Peak,LI_20,Patch_6,7.63E-05,7.75E-12,0.000200282,4.08159,2999.48,15,"656,250",0.0254,49.7668,49.9836,7.31974,6.80099,50.1338,7.32413,399.948,2999.48,7,7
Black_Peak,LI_20,Patch_6,-0.000366891,-3.73E-11,-0.000962968,4.09642,2999.68,15,"656,250",0.0254,50.8855,49.9948,7.29903,6.78286,51.2548,7.30358,400.03,2999.68,4.3,4.2
Black_Peak,LI_20,Patch_6,0.000248376,2.52E-11,0.000651904,4.09863,2999.88,15,"656,250",0.0254,99.33,100.003,7.29771,6.78016,99.7954,7.30227,399.823,2999.88,3,3
Black_Peak,LI_20,Patch_6,0.00044745,4.55E-11,0.00117441,4.11768,3000.19,15,"656,250",0.0254,198.699,199.92,7.28141,6.769,199.252,7.28688,400.067,3000.19,3,3.1
Black_Peak,LI_20,Patch_6,0.000427931,4.35E-11,0.001123178,4.16009,2999.71,15,"656,250",0.0254,298.718,299.941,7.26936,6.76041,299.334,7.27108,399.99,2999.71,3,3.1
Black_Peak,LI_20,Patch_6,0.000625746,6.35678E-11,0.001642377,4.075515,3000.265,15,656250,0.0254,398.285,400.062,7.350415,6.81944,398.6835,7.35883,400.1075,3000.265,4.75,4.8
Black_Peak,LI_20,Patch_6,0.000433193,4.40E-11,0.001136989,4.1109,3000.54,15,"656,250",0.0254,418.767,420.059,7.25477,6.75893,419.144,7.26475,400.052,3000.54,12.7,12.7
Black_Peak,LI_20,Patch_6,0.000666123,6.77E-11,0.001748354,4.06937,2999.88,15,"656,250",0.0254,598.048,600.023,7.35106,6.83738,598.255,7.36274,399.949,2999.88,2.8,2.9
Black_Peak,LI_20,Patch_6,0.000644397,6.55E-11,0.001691331,4.06315,2999.9,15,"656,250",0.0254,797.863,799.891,7.34758,6.82848,798.067,7.35686,400.057,2999.9,2.7,3
Black_Peak,LI_20,Patch_6,0.000736874,7.49E-11,0.001934054,4.06381,3000.27,15,"656,250",0.0254,997.819,1000.17,7.34614,6.84018,997.824,7.35639,399.952,3000.27,2.9,3
Black_Peak,LI_20,Patch_6,0.000776458,7.89E-11,0.002037948,4.06973,3000.15,15,"656,250",0.0254,1197.57,1200.12,7.35391,6.84955,1197.46,7.35955,399.923,3000.15,2.8,3
Black_Peak,LI_20,Patch_6,0.000761651,7.74E-11,0.001999085,4.03283,2999.9,15,"656,250",0.0254,1397.33,1399.96,7.34692,6.83152,1397.54,7.35189,399.925,2999.9,2.9,3.1
Black_Peak,LI_20,Patch_6,0.000810571,8.23E-11,0.002127482,3.96501,2999.91,15,"656,250",0.0254,1597.15,1600,7.32626,6.81432,1597.24,7.33083,400.021,2999.91,2.9,3
Black_Peak,LI_20,Patch_6,0.000964167,9.79E-11,0.002530622,3.97394,3000.6,15,"656,250",0.0254,1596.92,1600.16,7.33343,6.81814,1597.01,7.33795,399.896,3000.6,2,2.1
Ptarmigan_Ridge,LI_45,Patch_1,-0.000191749,-3.77E-11,-0.000178662,4.13812,3000.05,15,"338,750",0.07155,-0.0477195,-0.527081,7.34092,6.80884,0.620755,7.36294,400.03,3000.05,3.1,3.1
Ptarmigan_Ridge,LI_45,Patch_1,-9.14E-05,-1.80E-11,-8.52E-05,4.12008,2999.62,15,"338,750",0.07155,50.182,49.9792,7.35201,6.84397,50.7308,7.37619,400.031,2999.62,6.9,7.1
Ptarmigan_Ridge,LI_45,Patch_1,-3.16E-05,-6.21E-12,-2.94E-05,4.08614,2999.89,15,"338,750",0.07155,100.027,100,7.34109,6.82542,100.675,7.36535,399.875,2999.89,2.9,3
Ptarmigan_Ridge,LI_45,Patch_1,0.000100511,1.98E-11,9.37E-05,4.07399,2999.41,15,"338,750",0.07155,199.688,200.042,7.3628,6.85266,200.431,7.38663,399.843,2999.41,3,3
Ptarmigan_Ridge,LI_45,Patch_1,0.000124,2.44E-11,0.000115537,4.05226,3000.16,15,"338,750",0.07155,299.54,300.002,7.34251,6.83869,300.334,7.36796,400.038,3000.16,3,3
Ptarmigan_Ridge,LI_45,Patch_1,0.000324186,6.38004E-11,0.00030206,4.0604,2999.935,15,338750,0.07155,399.047,400.065,7.348935,6.832575,399.6855,7.375205,400.0175,2999.935,4.35,4.55
Ptarmigan_Ridge,LI_45,Patch_1,0.0001655,3.26E-11,0.000154205,3.98364,3000.33,15,"338,750",0.07155,419.352,419.975,7.31029,6.81548,420.037,7.33677,399.786,3000.33,3.2,3.2
Ptarmigan_Ridge,LI_45,Patch_1,0.000245611,4.83E-11,0.000228848,4.05751,3000.04,15,"338,750",0.07155,599.087,600.015,7.36364,6.84342,599.529,7.38489,399.998,3000.04,2.8,3
Ptarmigan_Ridge,LI_45,Patch_1,0.000345682,6.80E-11,0.000322089,4.06523,3000.04,15,"338,750",0.07155,798.633,799.924,7.32146,6.79112,799.312,7.34477,399.942,3000.04,2.8,3
Ptarmigan_Ridge,LI_45,Patch_1,0.000418288,8.23E-11,0.00038974,4.08691,3000.66,15,"338,750",0.07155,998.5,1000.08,7.33648,6.80575,998.829,7.3585,399.836,3000.66,2.8,3
Ptarmigan_Ridge,LI_45,Patch_1,0.000517762,1.02E-10,0.000482424,4.0865,3000.75,15,"338,750",0.07155,1198.36,1200.29,7.3493,6.82303,1198.49,7.37046,399.918,3000.75,2.8,3
Ptarmigan_Ridge,LI_45,Patch_1,0.000303051,5.96E-11,0.000282368,4.09295,2999.92,15,"338,750",0.07155,1398.32,1399.8,7.35981,6.84704,1398.73,7.37869,399.979,2999.92,2.5,2.9
Ptarmigan_Ridge,LI_45,Patch_1,0.000432613,8.51E-11,0.000403087,4.0932,2999.71,15,"338,750",0.07155,1598.08,1599.99,7.3625,6.84832,1598.58,7.37902,399.752,2999.71,2.9,3
Ptarmigan_Ridge,LI_46,Patch_2,-0.000198633,-7.21E-11,-0.000176917,3.97345,3000.37,15,"183,750",0.07485,0.136457,-0.360161,7.24821,6.74211,0.590383,7.26502,399.916,3000.37,3,3.2
Ptarmigan_Ridge,LI_46,Patch_2,-5.85E-05,-2.12E-11,-5.21E-05,4.03262,3000.68,15,"183,750",0.07485,50.1356,50.0148,7.28247,6.77787,50.5161,7.2985,399.98,3000.68,7,7
Ptarmigan_Ridge,LI_46,Patch_2,3.54E-05,1.28E-11,3.15E-05,4.02547,2999.41,15,"183,750",0.07485,99.8899,100.031,7.27441,6.75193,100.369,7.2905,399.904,2999.41,3,3
Ptarmigan_Ridge,LI_46,Patch_2,0.000104424,3.79E-11,9.30E-05,4.00485,2999.93,15,"183,750",0.07485,199.62,199.988,7.29378,6.76202,200.146,7.3111,399.983,2999.93,2.9,3
Ptarmigan_Ridge,LI_46,Patch_2,0.000226228,8.21E-11,0.000201494,3.99969,2999.91,15,"183,750",0.07485,299.289,300.018,7.31093,6.76901,299.928,7.32894,399.968,2999.91,3,3.1
Ptarmigan_Ridge,LI_46,Patch_2,0.000324701,1.17805E-10,0.000289202,3.95726,2999.845,15,183750,0.07485,399.0215,400.0315,7.260195,6.766465,399.446,7.27894,400.1,2999.845,4.8,4.75
Ptarmigan_Ridge,LI_46,Patch_2,0.00028358,1.03E-10,0.000252576,3.98355,3000.2,15,"183,750",0.07485,419.057,419.992,7.33223,6.79682,419.553,7.35221,399.986,3000.2,3.2,3.2
Ptarmigan_Ridge,LI_46,Patch_2,0.000393022,1.43E-10,0.000350053,4.00435,2999.06,15,"183,750",0.07485,598.729,600.01,7.2576,6.76225,599.041,7.27402,400.124,2999.06,2.9,3
Ptarmigan_Ridge,LI_46,Patch_2,0.000466753,1.69E-10,0.000415723,4.04577,3000.43,15,"183,750",0.07485,798.533,800.097,7.255,6.76145,798.894,7.27218,399.958,3000.43,2.9,3
Ptarmigan_Ridge,LI_46,Patch_2,0.000460261,1.67E-10,0.000409941,4.05129,3000.37,15,"183,750",0.07485,998.42,1000.07,7.26211,6.76583,998.467,7.27954,399.921,3000.37,3.1,3.2
Ptarmigan_Ridge,LI_46,Patch_2,0.000374495,1.36E-10,0.000333552,4.06031,3000.33,15,"183,750",0.07485,1198.54,1200.08,7.27465,6.77452,1198.4,7.29117,400.024,3000.33,2.9,3
Ptarmigan_Ridge,LI_46,Patch_2,0.00042879,1.56E-10,0.000381911,4.08398,2999.98,15,"183,750",0.07485,1398.23,1400.01,7.27492,6.77211,1398.29,7.29254,400.064,2999.98,2.8,3
Ptarmigan_Ridge,LI_46,Patch_2,0.000384975,1.40E-10,0.000342886,4.08269,2999.63,15,"183,750",0.07485,1598.16,1599.93,7.26775,6.76611,1597.94,7.28476,400.003,2999.63,2.9,2.9
Ptarmigan_Ridge,LI_48,Patch_4,-0.000205311,-4.78E-11,-3.68E-05,4.1008,3000.56,15,"286,250",0.3718,0.325507,-0.187445,7.17611,6.76331,0.668998,7.18714,400.149,3000.56,2.7,2.8
Ptarmigan_Ridge,LI_48,Patch_4,-3.51E-05,-8.17E-12,-6.29E-06,4.11096,2999.81,15,"286,250",0.3718,50.0573,49.9902,7.17634,6.76681,50.3058,7.18826,399.882,2999.81,7,7.1
Ptarmigan_Ridge,LI_48,Patch_4,9.26E-05,2.16E-11,1.66E-05,4.08056,3000.22,15,"286,250",0.3718,99.773,100.046,7.18154,6.76906,100.12,7.19341,400.048,3000.22,3,3.1
Ptarmigan_Ridge,LI_48,Patch_4,0.000244842,5.70E-11,4.39E-05,4.07767,3000.19,15,"286,250",0.3718,199.314,200.009,7.19557,6.7821,199.726,7.2069,400.074,3000.19,3,3.1
Ptarmigan_Ridge,LI_48,Patch_4,0.000311762,7.26E-11,5.59E-05,4.08867,2999.76,15,"286,250",0.3718,299.129,300.031,7.19123,6.78468,299.627,7.20159,399.947,2999.76,3,3.1
Ptarmigan_Ridge,LI_48,Patch_4,0.000395413,9.20902E-11,7.09006E-05,4.1451,2999.86,15,286250,0.3718,398.881,400.034,7.198715,6.78954,399.145,7.210175,399.969,2999.86,4.8,4.8
Ptarmigan_Ridge,LI_48,Patch_4,0.000333154,7.76E-11,5.97E-05,4.07524,3000.38,15,"286,250",0.3718,418.928,419.928,7.18126,6.78546,419.315,7.19331,399.95,3000.38,3,3.1
Ptarmigan_Ridge,LI_48,Patch_4,0.000537891,1.25E-10,9.64E-05,4.1452,3000.35,15,"286,250",0.3718,598.478,600.069,7.19234,6.78353,598.488,7.20557,400.049,3000.35,3,3
Ptarmigan_Ridge,LI_48,Patch_4,0.000584337,1.36E-10,0.000104776,4.13768,3000.67,15,"286,250",0.3718,798.369,800.157,7.19464,6.78793,798.529,7.20498,399.973,3000.67,2.9,3
Ptarmigan_Ridge,LI_48,Patch_4,0.00054845,1.28E-10,9.83E-05,4.10519,3000.16,15,"286,250",0.3718,998.267,1000.04,7.19005,6.79015,998.091,7.20322,400.065,3000.16,3,3
Ptarmigan_Ridge,LI_48,Patch_4,0.000458917,1.07E-10,8.23E-05,4.11239,2999.87,15,"286,250",0.3718,1198.28,1199.91,7.18934,6.78955,1197.82,7.20115,399.938,2999.87,2.7,3
Ptarmigan_Ridge,LI_48,Patch_4,0.000542416,1.26E-10,9.73E-05,4.11096,3000.44,15,"286,250",0.3718,1398.16,1400.07,7.18388,6.79043,1398.1,7.19646,400.037,3000.44,2.8,3.2
Ptarmigan_Ridge,LI_48,Patch_4,0.000549845,1.28E-10,9.86E-05,4.12488,3000,15,"286,250",0.3718,1597.95,1599.96,7.17821,6.78342,1597.57,7.19083,400.008,3000,2.8,3
Ptarmigan_Ridge,LI_49,Patch_5,-0.000130702,-1.76E-11,-4.10E-05,3.96771,3000.43,15,"496,250",0.21245,0.0774419,-0.249232,7.32495,6.7855,0.452117,7.33657,400.049,3000.43,2.9,3
Ptarmigan_Ridge,LI_49,Patch_5,-2.70E-06,-3.63E-13,-8.48E-07,4.00071,3000.63,15,"496,250",0.21245,49.9946,50.0154,7.33799,6.7908,50.2003,7.35025,400.052,3000.63,6.9,7
Ptarmigan_Ridge,LI_49,Patch_5,8.16E-05,1.10E-11,2.56E-05,4.01999,2999.78,15,"496,250",0.21245,99.7384,99.9977,7.35495,6.80491,100.043,7.36708,400.038,2999.78,2.9,3
Ptarmigan_Ridge,LI_49,Patch_5,0.000258554,3.47E-11,8.11E-05,4.04953,3000.3,15,"496,250",0.21245,199.259,200.015,7.37043,6.82334,199.646,7.38209,400.128,3000.3,3,3.1
Ptarmigan_Ridge,LI_49,Patch_5,0.000345758,4.64E-11,0.000108499,4.13525,3000.56,15,"496,250",0.21245,299.005,300.029,7.35531,6.82505,299.425,7.36501,400.056,3000.56,2.9,3.1
Ptarmigan_Ridge,LI_49,Patch_5,0.000411617,5.52969E-11,0.000129165,3.945005,2999.82,15,496250,0.21245,398.825,400.07,7.33785,6.800675,399.08,7.3501,399.9465,2999.82,5,5
Ptarmigan_Ridge,LI_49,Patch_5,0.000370857,4.98E-11,0.000116375,4.10519,2999.97,15,"496,250",0.21245,418.86,420.003,7.32582,6.8131,419.055,7.3383,400.209,2999.97,3.2,3.2
Ptarmigan_Ridge,LI_49,Patch_5,0.000493415,6.63E-11,0.000154833,3.90784,2999.91,15,"496,250",0.21245,598.445,599.996,7.31015,6.78406,598.481,7.32559,399.9,2999.91,2.9,2.9
Ptarmigan_Ridge,LI_49,Patch_5,0.000555694,7.47E-11,0.000174376,3.88977,2999.77,15,"496,250",0.21245,798.24,800.054,7.3172,6.78901,798.365,7.32783,399.99,2999.77,2.9,2.9
Ptarmigan_Ridge,LI_49,Patch_5,0.000646188,8.68E-11,0.000202773,3.86921,3000.16,15,"496,250",0.21245,997.976,1000.12,7.30775,6.78221,997.846,7.32179,399.952,3000.16,2.9,3.2
Ptarmigan_Ridge,LI_49,Patch_5,0.000559789,7.52E-11,0.000175661,3.83563,3000.23,15,"496,250",0.21245,1197.98,1200.01,7.2859,6.76343,1197.56,7.30052,399.993,3000.23,3.1,3.1
Ptarmigan_Ridge,LI_49,Patch_5,0.00060406,8.11E-11,0.000189554,3.79894,2999.1,15,"496,250",0.21245,1397.82,1400.06,7.26354,6.74538,1397.62,7.27726,399.932,2999.1,2.9,3
Ptarmigan_Ridge,LI_49,Patch_5,0.000629257,8.45E-11,0.00019746,3.79004,3000.98,15,"496,250",0.21245,1597.62,1600.01,7.26189,6.7546,1597.25,7.27329,399.88,3000.98,2.8,3
Ptarmigan_Ridge,LI_50,Patch_6,-9.66E-05,-3.55E-11,-2.57E-05,4.03336,2999.55,15,"181,250",0.25035,0.0738622,-0.167547,7.31615,6.83226,0.445255,7.32822,400.078,2999.55,2.8,2.9
Ptarmigan_Ridge,LI_50,Patch_6,-5.82E-05,-2.14E-11,-1.55E-05,4.03891,3000.68,15,"181,250",0.25035,50.0953,49.9746,7.31169,6.81912,50.2907,7.32411,400.152,3000.68,7,7
Ptarmigan_Ridge,LI_50,Patch_6,-5.98E-06,-2.20E-12,-1.59E-06,4.04189,3000.29,15,"181,250",0.25035,99.9395,99.9743,7.30318,6.80895,100.234,7.31566,400.006,3000.29,3,3
Ptarmigan_Ridge,LI_50,Patch_6,5.85E-05,2.15E-11,1.56E-05,4.0426,3000.04,15,"181,250",0.25035,199.708,199.953,7.31315,6.82241,200.067,7.32484,400.056,3000.04,3,3.1
Ptarmigan_Ridge,LI_50,Patch_6,0.000132295,4.87E-11,3.52E-05,4.0448,3000.05,15,"181,250",0.25035,299.513,299.99,7.30248,6.81791,299.948,7.31452,399.927,3000.05,3,3.1
Ptarmigan_Ridge,LI_50,Patch_6,0.000247162,9.09101E-11,6.58176E-05,4.011915,3000.01,15,181250,0.25035,399.2545,400.0715,7.31059,6.81585,399.5635,7.323815,399.9245,3000.01,4.4,4.5
Ptarmigan_Ridge,LI_50,Patch_6,0.000143698,5.29E-11,3.83E-05,4.15244,3000.66,15,"181,250",0.25035,419.405,419.965,7.27997,6.8047,419.644,7.29477,400.043,3000.66,3.3,3.2
Ptarmigan_Ridge,LI_50,Patch_6,0.000273116,1.00E-10,7.27E-05,4.02966,2999.65,15,"181,250",0.25035,599.069,600.054,7.30514,6.80436,599.065,7.32005,400,2999.65,3,3.1
Ptarmigan_Ridge,LI_50,Patch_6,0.000312157,1.15E-10,8.31E-05,4.01398,3000.48,15,"181,250",0.25035,798.891,800.074,7.29333,6.79266,798.868,7.30628,400.16,3000.48,2.9,3
Ptarmigan_Ridge,LI_50,Patch_6,0.00027548,1.01E-10,7.34E-05,4.01569,3001.17,15,"181,250",0.25035,998.81,999.995,7.28409,6.79072,998.469,7.29821,400.057,3001.17,2.7,3
Ptarmigan_Ridge,LI_50,Patch_6,0.000365037,1.34E-10,9.72E-05,4.01123,3000.94,15,"181,250",0.25035,1198.63,1200.14,7.27877,6.78398,1198.16,7.29324,400.005,3000.94,2.9,3
Ptarmigan_Ridge,LI_50,Patch_6,0.000300518,1.11E-10,8.00E-05,3.98149,2999.78,15,"181,250",0.25035,1398.4,1399.85,7.26602,6.76999,1398.06,7.28,400.011,2999.78,3,3.2
Ptarmigan_Ridge,LI_50,Patch_6,0.000382145,1.41E-10,0.000101763,3.98126,3000.69,15,"181,250",0.25035,1598.22,1599.97,7.25633,6.76262,1597.74,7.26927,400.078,3000.69,2.9,3
Ptarmigan_Ridge,LI_50,Patch_6,0.00041437,1.52E-10,0.000110344,3.98389,2999.92,15,"181,250",0.25035,1598.23,1600.06,7.25563,6.7625,1597.75,7.26857,399.931,2999.92,3,3.2
Twin_Sisters,LI_39,Patch_1,-0.000102401,-4.88E-11,-0.000117702,4.06476,3000.18,15,"140,000",0.058,0.186437,-0.0694457,7.1978,6.75222,0.538512,7.20697,400.057,3000.18,2,2.2
Twin_Sisters,LI_39,Patch_1,-5.75E-05,-2.74E-11,-6.61E-05,4.05077,2999.93,15,"140,000",0.058,50.0884,49.9688,7.2579,6.77811,50.354,7.26792,400.177,2999.93,7,7
Twin_Sisters,LI_39,Patch_1,-8.47E-06,-4.03E-12,-9.73E-06,4.05317,3000.47,15,"140,000",0.058,99.9721,100.004,7.28274,6.75579,100.337,7.29258,399.995,3000.47,3,3
Twin_Sisters,LI_39,Patch_1,2.28E-06,1.09E-12,2.62E-06,4.08047,3000.09,15,"140,000",0.058,199.926,200.038,7.3187,6.79091,200.247,7.32841,399.896,3000.09,3,3
Twin_Sisters,LI_39,Patch_1,4.58E-05,2.18E-11,5.26E-05,4.06014,3000.39,15,"140,000",0.058,299.728,300.014,7.32494,6.75658,300.171,7.3347,400.023,3000.39,3.1,3
Twin_Sisters,LI_39,Patch_1,8.70772E-05,4.14653E-11,0.000100089,4.06801,3000.12,15,140000,0.058,399.6315,400.021,7.177815,6.75094,399.8255,7.19008,400.031,3000.12,4.8,4.8
Twin_Sisters,LI_39,Patch_1,4.61E-05,2.19E-11,5.30E-05,4.07147,3000.65,15,"140,000",0.058,419.612,419.966,7.36153,6.79673,419.833,7.37375,399.931,3000.65,5.1,5
Twin_Sisters,LI_39,Patch_1,0.00013163,6.27E-11,0.000151299,4.03336,2999.99,15,"140,000",0.058,599.459,600.002,7.14757,6.79347,599.393,7.1612,399.844,2999.99,3,3.1
Twin_Sisters,LI_39,Patch_1,0.000176517,8.41E-11,0.000202893,4.04942,3000.69,15,"140,000",0.058,799.316,800.042,7.16165,6.80805,799.243,7.17282,399.973,3000.69,2.9,3
Twin_Sisters,LI_39,Patch_1,0.000183976,8.76E-11,0.000211467,4.04626,2999.83,15,"140,000",0.058,999.302,1000.12,7.16091,6.80517,998.876,7.1734,399.997,2999.83,2.9,3
Twin_Sisters,LI_39,Patch_1,0.00017664,8.41E-11,0.000203035,4.03979,3000.18,15,"140,000",0.058,1199.28,1200.14,7.1306,6.78425,1198.62,7.14282,399.959,3000.18,2.8,3
Twin_Sisters,LI_39,Patch_1,0.000199495,9.50E-11,0.000229304,4.02586,2999.87,15,"140,000",0.058,1399.14,1400.11,7.12522,6.79073,1398.55,7.13692,400.075,2999.87,3,3
Twin_Sisters,LI_39,Patch_1,0.000316865,1.51E-10,0.000364212,3.97771,2999.64,15,"140,000",0.058,1598.66,1599.98,7.12803,6.80024,1598.35,7.13779,399.974,2999.64,7,3
Twin_Sisters,LI_38,Patch_2,-0.000126092,-2.40E-10,-0.000134177,4.0105,3000.3,15,"35,000",0.06265,0.200229,-0.114889,7.11638,6.74638,0.620443,7.1281,400.049,3000.3,2.5,2.5
Twin_Sisters,LI_38,Patch_2,-4.42E-05,-8.43E-11,-4.71E-05,4.00233,2999.54,15,"35,000",0.06265,50.1498,50.0574,7.1472,6.78666,50.4438,7.16069,399.96,2999.54,7,7.1
Twin_Sisters,LI_38,Patch_2,-4.00E-05,-7.62E-11,-4.26E-05,3.98592,2999.77,15,"35,000",0.06265,100.069,100.008,7.15427,6.7673,100.462,7.1677,400.13,2999.77,3,3
Twin_Sisters,LI_38,Patch_2,-1.78E-05,-3.39E-11,-1.89E-05,3.99738,2999.81,15,"35,000",0.06265,199.915,199.954,7.16575,6.75122,200.315,7.17621,400.114,2999.81,2.8,3.1
Twin_Sisters,LI_38,Patch_2,9.27E-06,1.77E-11,9.86E-06,3.99039,2999.85,15,"35,000",0.06265,299.815,299.972,7.18411,6.74094,300.249,7.19693,400.027,2999.85,3,3.1
Twin_Sisters,LI_38,Patch_2,0.000136686,2.60355E-10,0.00014545,4.002235,3000.05,15,35000,0.06265,399.5285,400.014,7.109725,6.75226,399.789,7.124005,400.0555,3000.05,4.5,4.5
Twin_Sisters,LI_38,Patch_2,0.000102394,1.95E-10,0.000108959,3.99928,2999.92,15,"35,000",0.06265,419.623,420.073,7.24209,6.7829,419.948,7.25603,400.12,2999.92,3.2,3.2
Twin_Sisters,LI_38,Patch_2,0.000160944,3.07E-10,0.000171262,4.02136,2999.86,15,"35,000",0.06265,599.39,599.994,7.1282,6.79399,599.387,7.14026,400.119,2999.86,2.9,3
Twin_Sisters,LI_38,Patch_2,0.000209593,3.99E-10,0.00022303,4.09688,2999.89,15,"35,000",0.06265,799.268,800.052,7.10103,6.77787,799.243,7.11343,400.092,2999.89,3,3.1
Twin_Sisters,LI_38,Patch_2,0.000248346,4.73E-10,0.000264268,3.96524,3000.21,15,"35,000",0.06265,999.08,1000.02,7.09499,6.77797,998.728,7.1085,399.907,3000.21,3,3
Twin_Sisters,LI_38,Patch_2,0.000163041,3.11E-10,0.000173494,3.94106,2999.75,15,"35,000",0.06265,1199.08,1199.87,7.087,6.77034,1198.62,7.10054,400.013,2999.75,2.7,2.9
Twin_Sisters,LI_38,Patch_2,0.000108902,2.07E-10,0.000115884,3.95881,3000.24,15,"35,000",0.06265,1399.17,1399.88,7.07505,6.76437,1398.68,7.08795,400.068,3000.24,2.9,3
Twin_Sisters,LI_38,Patch_2,0.000324519,6.18E-10,0.000345325,4.03877,3000.58,15,"35,000",0.06265,1598.66,1599.99,7.0986,6.77656,1598.09,7.10974,399.907,3000.58,3.1,3.2
Twin_Sisters,LI_37,Patch_3,-7.82E-05,-1.19E-10,-9.31E-05,3.96515,3000.54,15,"43,750",0.056,0.0442251,-0.151356,7.3796,6.79992,0.475717,7.38932,399.931,3000.54,2.8,2.9
Twin_Sisters,LI_37,Patch_3,-7.32E-05,-1.12E-10,-8.72E-05,3.95596,3000.27,15,"43,750",0.056,50.1826,50.0298,7.36388,6.76366,50.4871,7.37398,399.944,3000.27,7,7
Twin_Sisters,LI_37,Patch_3,-3.87E-05,-5.90E-11,-4.61E-05,3.94489,2999.77,15,"43,750",0.056,100.076,100.039,7.3627,6.7699,100.479,7.3728,400.059,2999.77,3,3
Twin_Sisters,LI_37,Patch_3,-1.16E-05,-1.77E-11,-1.39E-05,3.94191,2999.86,15,"43,750",0.056,199.942,200.033,7.35954,6.7633,200.418,7.36907,400.113,2999.86,3,3.1
Twin_Sisters,LI_37,Patch_3,-1.10E-05,-1.68E-11,-1.31E-05,3.89932,2998.95,15,"43,750",0.056,299.829,299.981,7.37529,6.78095,300.364,7.38443,400.028,2998.95,3,3.1
Twin_Sisters,LI_37,Patch_3,3.44653E-05,5.25186E-11,4.10302E-05,3.95781,2999.895,15,43750,0.056,399.694,400.0185,7.412735,6.82085,400.063,7.422675,400.093,2999.895,4.5,4.5
Twin_Sisters,LI_37,Patch_3,4.64E-05,7.08E-11,5.53E-05,3.91576,2999.61,15,"43,750",0.056,419.612,419.979,7.3924,6.79877,419.992,7.40368,400.092,2999.61,3.2,3.2
Twin_Sisters,LI_37,Patch_3,5.48E-05,8.35E-11,6.52E-05,3.97113,2999.55,15,"43,750",0.056,599.472,599.969,7.40382,6.80775,599.595,7.41566,399.932,2999.55,2.9,2.9
Twin_Sisters,LI_37,Patch_3,4.74E-05,7.22E-11,5.64E-05,3.97874,3000.63,15,"43,750",0.056,799.395,799.996,7.39903,6.79985,799.514,7.41008,399.912,3000.63,2.8,3
Twin_Sisters,LI_37,Patch_3,9.47E-05,1.44E-10,0.00011279,3.9784,3000.43,15,"43,750",0.056,999.144,999.986,7.39668,6.79551,998.984,7.40721,399.982,3000.43,3,3.1
Twin_Sisters,LI_37,Patch_3,0.000112924,1.72E-10,0.000134433,3.98356,2999.99,15,"43,750",0.056,1199.01,1200.03,7.39395,6.78321,1198.79,7.40459,400.068,2999.99,2.8,3
Twin_Sisters,LI_37,Patch_3,0.000114432,1.74E-10,0.000136229,3.96426,3000.77,15,"43,750",0.056,1398.86,1400,7.37255,6.7666,1398.68,7.38254,400.022,3000.77,2.7,2.9
Twin_Sisters,LI_37,Patch_3,0.000195925,2.99E-10,0.000233245,4.00179,3000.42,15,"43,750",0.056,1598.49,1599.95,7.34942,6.74693,1598.36,7.35729,400.015,3000.42,2.8,3
Twin_Sisters,LI_36,Patch_4,-0.000120199,-7.37E-11,-0.000190565,4.19986,3000.8,15,"108,750",0.04205,0.310567,0.0100018,7.22399,6.74458,0.733417,7.23713,399.71,3000.8,0.6,0.6
Twin_Sisters,LI_36,Patch_4,-4.52E-05,-2.77E-11,-7.17E-05,4.20911,2999.83,15,"108,750",0.04205,50.0941,50.0073,7.26607,6.74568,50.4432,7.28196,400.217,2999.83,7,7.1
Twin_Sisters,LI_36,Patch_4,-3.99E-05,-2.45E-11,-6.33E-05,4.21478,3000,15,"108,750",0.04205,100.047,100.005,7.32069,6.74675,100.496,7.33617,400.01,3000,3,3
Twin_Sisters,LI_36,Patch_4,-3.11E-05,-1.91E-11,-4.93E-05,4.22037,2999.84,15,"108,750",0.04205,199.958,200.009,7.37771,6.73893,200.342,7.39101,400.12,2999.84,7.1,7.1
Twin_Sisters,LI_36,Patch_4,1.68E-05,1.03E-11,2.67E-05,4.20172,2999.58,15,"108,750",0.04205,299.558,299.819,7.46894,6.74354,300.129,7.48153,400.09,2999.58,3.1,3.1
Twin_Sisters,LI_36,Patch_4,8.39123E-05,5.14405E-11,0.000133036,4.2003,3000.125,15,108750,0.04205,399.679,400.065,7.222875,6.78528,400.0655,7.238745,399.8995,3000.125,4.4,4.45
Twin_Sisters,LI_36,Patch_4,5.33E-05,3.27E-11,8.45E-05,4.25882,2999.33,15,"108,750",0.04205,418.662,419.153,7.60473,6.75663,419.127,7.62555,400.195,2999.33,2.5,2.6
Twin_Sisters,LI_36,Patch_4,0.000117776,7.22E-11,0.000186724,4.25639,2999.84,15,"108,750",0.04205,599.492,600.054,7.19276,6.74981,599.641,7.20704,399.877,2999.84,2.9,2.9
Twin_Sisters,LI_36,Patch_4,0.000132584,8.13E-11,0.000210201,4.29059,3000.48,15,"108,750",0.04205,799.324,800.009,7.21083,6.77172,799.571,7.22249,400.002,3000.48,3.1,3.1
Twin_Sisters,LI_36,Patch_4,0.000127289,7.80E-11,0.000201807,4.28749,2999.91,15,"108,750",0.04205,999.203,999.976,7.2172,6.76533,999.277,7.23007,400.02,2999.91,3,3.2
Twin_Sisters,LI_36,Patch_4,0.000126944,7.78E-11,0.000201258,4.30865,2999.65,15,"108,750",0.04205,1199,1199.88,7.22702,6.76125,1198.94,7.23999,399.852,2999.65,2.7,2.9
Twin_Sisters,LI_36,Patch_4,0.000102495,6.28E-11,0.000162498,4.23213,2999.96,15,"108,750",0.04205,1398.95,1399.87,7.22235,6.75129,1398.95,7.23388,400.034,2999.96,2.8,3
Twin_Sisters,LI_36,Patch_4,0.000128973,7.91E-11,0.000204476,4.23597,2999.9,15,"108,750",0.04205,1598.88,1599.91,7.25395,6.81469,1598.84,7.26365,399.862,2999.9,3,3.2
Twin_Sisters,LI_35,Patch_5,-0.000105775,-1.28E-10,-0.000136133,4.14431,2999.96,15,"55,000",0.0518,0.0749623,-0.189339,7.2814,6.82998,0.578586,7.30178,400.155,2999.96,3,3
Twin_Sisters,LI_35,Patch_5,-4.61E-05,-5.58E-11,-5.93E-05,4.16545,3000.14,15,"55,000",0.0518,50.1019,50.0103,7.31575,6.84832,50.5311,7.33742,399.881,3000.14,7,7.1
Twin_Sisters,LI_35,Patch_5,1.09E-07,1.33E-13,1.41E-07,4.16689,2999.74,15,"55,000",0.0518,99.9497,99.9984,7.3206,6.83964,100.478,7.34224,400.026,2999.74,3,3
Twin_Sisters,LI_35,Patch_5,7.65E-05,9.27E-11,9.84E-05,4.12514,3000.32,15,"55,000",0.0518,199.743,200.03,7.31948,6.84326,200.347,7.33813,399.993,3000.32,3,3
Twin_Sisters,LI_35,Patch_5,0.000153887,1.87E-10,0.000198052,4.08536,3000.11,15,"55,000",0.0518,299.484,300.008,7.31196,6.85042,300.115,7.33126,399.957,3000.11,3,3
Twin_Sisters,LI_35,Patch_5,0.000212863,2.58016E-10,0.000273954,4.053705,2999.985,15,55000,0.0518,399.379,400.0945,7.30532,6.84947,399.847,7.328475,400.0245,2999.985,4.8,4.8
Twin_Sisters,LI_35,Patch_5,0.000152402,1.85E-10,0.000196141,4.03057,3000.23,15,"55,000",0.0518,419.382,419.945,7.27919,6.84837,419.85,7.30147,400.008,3000.23,3.2,3.2
Twin_Sisters,LI_35,Patch_5,0.00031661,3.84E-10,0.000407478,4.0431,2999.46,15,"55,000",0.0518,599.082,600.153,7.30999,6.84685,599.435,7.33049,400.014,2999.46,2.9,3.1
Twin_Sisters,LI_35,Patch_5,0.000284494,3.45E-10,0.000366144,4.02299,3000.69,15,"55,000",0.0518,798.87,799.952,7.28358,6.82294,799.226,7.30197,399.959,3000.69,3.1,3.1
Twin_Sisters,LI_35,Patch_5,0.000411882,4.99E-10,0.000530092,4.03054,2999.57,15,"55,000",0.0518,998.658,1000.14,7.29642,6.84701,998.871,7.31459,399.926,2999.57,2.9,3
Twin_Sisters,LI_35,Patch_5,0.000353516,4.29E-10,0.000454975,4.0392,2999.7,15,"55,000",0.0518,1198.61,1200.04,7.30655,6.85418,1198.65,7.32544,399.998,2999.7,2.9,3
Twin_Sisters,LI_35,Patch_5,0.000317322,3.85E-10,0.000408393,4.01233,2999.94,15,"55,000",0.0518,1398.49,1399.91,7.29623,6.85141,1398.58,7.31677,399.976,2999.94,2.9,3
Twin_Sisters,LI_35,Patch_5,0.000275855,3.34E-10,0.000355026,3.97998,2999.92,15,"55,000",0.0518,1598.6,1600.01,7.2838,6.83629,1598.6,7.30203,400.16,2999.92,2.9,3
Twin_Sisters,LI_34,Patch_6,-0.000119167,-2.12E-10,-0.000153073,4.25012,3000.08,15,"37,500",0.0519,-0.0442365,-0.342237,7.17433,6.8135,0.575549,7.19766,399.911,3000.08,3.1,3.1
Twin_Sisters,LI_34,Patch_6,-3.92E-05,-6.96E-11,-5.03E-05,4.24362,2999.76,15,"37,500",0.0519,50.0479,49.9695,7.19181,6.80469,50.5999,7.21641,399.918,2999.76,7,7.1
Twin_Sisters,LI_34,Patch_6,2.99E-05,5.31E-11,3.84E-05,4.25163,3001.14,15,"37,500",0.0519,99.9112,100.023,7.20328,6.83431,100.562,7.22779,399.961,3001.14,2.9,3.1
Twin_Sisters,LI_34,Patch_6,0.000139884,2.49E-10,0.000179684,4.24731,2998.98,15,"37,500",0.0519,199.597,200.016,7.19563,6.85122,200.331,7.21923,399.944,2998.98,3,3.1
Twin_Sisters,LI_34,Patch_6,0.000177336,3.15E-10,0.000227792,4.24268,2999.58,15,"37,500",0.0519,299.452,300.003,7.19337,6.83595,300.301,7.22061,400.132,2999.58,3,3.1
Twin_Sisters,LI_34,Patch_6,0.000263718,4.68832E-10,0.000338751,4.26378,3000.295,15,37500,0.0519,399.255,400.0695,7.2025,6.81695,399.983,7.229335,399.904,3000.295,4.75,4.8
Twin_Sisters,LI_34,Patch_6,0.00025223,4.48E-10,0.000323994,4.20296,2999.94,15,"37,500",0.0519,419.258,420.038,7.17145,6.81831,419.993,7.20011,399.81,2999.94,0.4,0.4
Twin_Sisters,LI_34,Patch_6,0.000369964,6.58E-10,0.000475226,4.254,2999.67,15,"37,500",0.0519,598.91,600.059,7.1957,6.82404,599.481,7.21841,400.049,2999.67,2.8,3
Twin_Sisters,LI_34,Patch_6,0.000407283,7.24E-10,0.000523164,4.25014,2999.44,15,"37,500",0.0519,798.681,799.993,7.20364,6.83813,799.305,7.22848,400.099,2999.44,3,3
Twin_Sisters,LI_34,Patch_6,0.000443786,7.89E-10,0.000570053,4.20877,3001,15,"37,500",0.0519,998.627,1000.11,7.19102,6.81943,998.981,7.21633,400.084,3001,2.6,3
Twin_Sisters,LI_34,Patch_6,0.000382496,6.80E-10,0.000491324,4.16851,3000.06,15,"37,500",0.0519,1198.63,1200.02,7.19229,6.83291,1198.93,7.21673,400.052,3000.06,2.7,2.9
Twin_Sisters,LI_34,Patch_6,0.000413506,7.35E-10,0.000531157,4.19554,3000.58,15,"37,500",0.0519,1398.31,1399.85,7.17948,6.81989,1398.84,7.20203,400.085,3000.58,2.7,2.8
Twin_Sisters,LI_34,Patch_6,0.000502916,8.94E-10,0.000646006,4.21713,2999.9,15,"37,500",0.0519,1598.44,1600.29,7.21581,6.84743,1598.95,7.23386,400.128,2999.9,2.6,2.9
Watson,LI_26,Patch_1,-9.56E-05,-5.31E-11,-0.000119321,4.19823,3000.44,15,"120,000",0.0534,0.279436,0.040762,7.71042,6.8128,0.751101,7.72143,400.023,3000.44,1.1,1.3
Watson,LI_26,Patch_1,-3.33E-05,-1.85E-11,-4.15E-05,4.15621,2999.81,15,"120,000",0.0534,50.007,49.9692,7.71147,6.8106,50.4136,7.72338,399.975,2999.81,7,7.1
Watson,LI_26,Patch_1,3.99E-05,2.22E-11,4.99E-05,4.13449,2999.86,15,"120,000",0.0534,99.8381,100.025,7.70927,6.84395,100.344,7.7212,400,2999.86,3,3.1
Watson,LI_26,Patch_1,2.96E-05,1.65E-11,3.70E-05,4.11455,3000.44,15,"120,000",0.0534,199.715,199.958,7.69071,6.85153,200.263,7.70351,399.966,3000.44,3,3
Watson,LI_26,Patch_1,8.60E-05,4.78E-11,0.00010736,4.08453,3000.28,15,"120,000",0.0534,299.54,300.005,7.65315,6.82486,300.198,7.66465,400.014,3000.28,3,3.1
Watson,LI_26,Patch_1,0.00018176,1.00978E-10,0.000226917,4.22291,3000.16,15,120000,0.0534,399.2525,400.071,7.73093,6.82583,399.7335,7.74357,400.0695,3000.16,4.7,4.8
Watson,LI_26,Patch_1,0.000115853,6.44E-11,0.000144635,4.01796,3000.19,15,"120,000",0.0534,419.38,420.023,7.64164,6.80549,419.874,7.65404,399.995,3000.19,3.2,3.1
Watson,LI_26,Patch_1,0.000191504,1.06E-10,0.000239082,4.22636,3000.34,15,"120,000",0.0534,599.022,600.04,7.70971,6.81655,599.321,7.72464,399.95,3000.34,2.9,2.9
Watson,LI_26,Patch_1,0.000280894,1.56E-10,0.000350679,4.28809,2999.63,15,"120,000",0.0534,798.615,800.023,7.68219,6.80548,799.023,7.69425,399.891,2999.63,2.9,3
Watson,LI_26,Patch_1,0.000312455,1.74E-10,0.000390081,4.30092,3000.23,15,"120,000",0.0534,998.418,1000.06,7.65192,6.79626,998.734,7.66536,400.016,3000.23,2.9,3
Watson,LI_26,Patch_1,0.000244107,1.36E-10,0.000304753,4.34048,3000.11,15,"120,000",0.0534,1198.56,1200.16,7.62646,6.80705,1198.56,7.64065,399.953,3000.11,2.9,3.1
Watson,LI_26,Patch_1,0.000249061,1.38E-10,0.000310937,4.44794,2999.98,15,"120,000",0.0534,1398.16,1399.91,7.6296,6.82943,1398.55,7.64097,400.012,2999.98,2.9,3
Watson,LI_26,Patch_1,0.000326449,1.81E-10,0.000407552,4.44798,3000.01,15,"120,000",0.0534,1597.98,1600.09,7.63757,6.83398,1598.18,7.64848,400.062,3000.01,2.6,2.9
Watson,LI_32,Patch_2,-0.000267457,-1.60E-10,-0.000124038,4.1355,3000.31,15,"111,250",0.14375,0.786223,0.117969,7.51973,6.83727,0.943159,7.5316,399.909,3000.31,11,11.1
Watson,LI_32,Patch_2,-7.68E-05,-4.60E-11,-3.56E-05,4.06546,2999.31,15,"111,250",0.14375,50.125,49.9669,7.47617,6.80562,50.3814,7.48838,399.958,2999.31,7,7.1
Watson,LI_32,Patch_2,-2.34E-05,-1.40E-11,-1.08E-05,4.04215,3000.12,15,"111,250",0.14375,100.006,100.015,7.46704,6.79743,100.361,7.47933,399.997,3000.12,2.9,3.1
Watson,LI_32,Patch_2,5.64E-05,3.38E-11,2.61E-05,3.99249,2999.7,15,"111,250",0.14375,199.711,199.986,7.47429,6.80796,200.112,7.48697,399.957,2999.7,2.9,3
Watson,LI_32,Patch_2,0.0001129,6.77E-11,5.24E-05,3.99554,3000,15,"111,250",0.14375,299.478,299.962,7.4939,6.82504,299.975,7.50423,400.101,3000,3,3.1
Watson,LI_32,Patch_2,0.000300667,1.80175E-10,0.00013944,4.130955,2999.98,15,111250,0.14375,399.062,400.105,7.538505,6.813835,399.389,7.54784,400.028,2999.98,4.75,4.8
Watson,LI_32,Patch_2,0.000173901,1.04E-10,8.06E-05,3.98158,2999.98,15,"111,250",0.14375,419.244,419.949,7.48588,6.84587,419.588,7.49664,400.088,2999.98,14.5,14.5
Watson,LI_32,Patch_2,0.000302823,1.81E-10,0.00014044,4.1546,3000.35,15,"111,250",0.14375,598.798,600.007,7.56578,6.81648,598.797,7.5779,400.083,3000.35,3.1,3.1
Watson,LI_32,Patch_2,0.000373649,2.24E-10,0.000173287,4.18417,3000.77,15,"111,250",0.14375,798.494,800.041,7.59931,6.83779,798.476,7.60873,399.935,3000.77,2.9,2.9
Watson,LI_32,Patch_2,0.000304068,1.82E-10,0.000141017,4.19067,3000.04,15,"111,250",0.14375,998.428,999.965,7.5936,6.82136,998.229,7.60346,400.051,3000.04,3.1,3.1
Watson,LI_32,Patch_2,0.000299283,1.79E-10,0.000138798,4.21549,3000.17,15,"111,250",0.14375,1198.32,1199.99,7.59361,6.83029,1197.85,7.6054,399.951,3000.17,2.8,3
Watson,LI_32,Patch_2,0.000440379,2.64E-10,0.000204234,4.24116,3000.53,15,"111,250",0.14375,1397.98,1400.15,7.60486,6.84584,1397.94,7.61398,400.063,3000.53,2.6,2.9
Watson,LI_32,Patch_2,0.000293648,1.76E-10,0.000136185,4.18971,3000.29,15,"111,250",0.14375,1598.06,1600.07,7.56617,6.77378,1597.59,7.57499,400.033,3000.29,3,3.2
Watson,LI_30,Patch_4,-0.000181909,-4.41E-11,-4.34E-05,4.10452,3000.01,15,275000,0.27935,0.72209,0.267897,7.51395,6.82939,0.850674,7.5217,400.071,3000.01,11,11.1
Watson,LI_30,Patch_4,-4.48E-05,-1.09E-11,-1.07E-05,4.08995,2999.73,15,275000,0.27935,50.0595,49.9819,7.5103,6.82884,50.2875,7.51808,399.975,2999.73,6.9,7
Watson,LI_30,Patch_4,3.79E-05,9.19E-12,9.04E-06,4.0948,3000.15,15,275000,0.27935,99.8287,99.9917,7.51626,6.83749,100.156,7.524,399.978,3000.15,2.9,3
Watson,LI_30,Patch_4,0.000136771,3.32E-11,3.26E-05,4.07065,2999.72,15,275000,0.27935,199.53,200.007,7.51902,6.84754,199.917,7.52733,399.909,2999.72,2.9,3
Watson,LI_30,Patch_4,0.000208442,5.05E-11,4.97E-05,4.04783,2999.53,15,275000,0.27935,299.261,299.982,7.50075,6.83725,299.727,7.50916,400.126,2999.53,3.1,3.1
Watson,LI_30,Patch_4,0.000276986,6.7148E-11,6.61024E-05,4.10797,3000.185,15,275000,0.27935,399.0785,400.0535,7.505965,6.803145,399.3655,7.513245,400.0355,3000.185,4.8,4.75
Watson,LI_30,Patch_4,0.00020966,5.08E-11,5.00E-05,4.02113,2999.68,15,275000,0.27935,419.125,419.946,7.46566,6.76271,419.4,7.4739,399.992,2999.68,3.2,3.2
Watson,LI_30,Patch_4,0.000364742,8.84E-11,8.70E-05,4.09258,3000.28,15,275000,0.27935,598.699,600.031,7.49204,6.79603,598.674,7.50403,399.869,3000.28,2.9,3.1
Watson,LI_30,Patch_4,0.000413084,1.00E-10,9.86E-05,4.05262,2999.99,15,275000,0.27935,798.5,800.093,7.50047,6.80401,798.52,7.51098,400.014,2999.99,2.8,3
Watson,LI_30,Patch_4,0.000337198,8.17E-11,8.05E-05,4.0278,2999.41,15,275000,0.27935,998.443,999.984,7.50745,6.81351,998.226,7.51906,400.045,2999.41,2.9,3
Watson,LI_30,Patch_4,0.000355916,8.63E-11,8.49E-05,4.03708,2999.42,15,275000,0.27935,1198.4,1200.13,7.51177,6.81586,1198.03,7.52344,400.036,2999.42,2.8,3
Watson,LI_30,Patch_4,0.000412388,1.00E-10,9.84E-05,4.03917,2999.99,15,275000,0.27935,1397.98,1399.99,7.50273,6.80768,1397.92,7.51336,399.993,2999.99,2.8,3
Watson,LI_30,Patch_4,0.000443595,1.08E-10,0.000105864,4.04317,3000.54,15,275000,0.27935,1597.88,1600.11,7.50126,6.80484,1597.54,7.51009,400.07,3000.54,2.8,2.9
Watson,LI_28,Patch_5,-0.000210559,-6.04E-11,-0.000128959,4.08306,2999.57,15,"232,500",0.10885,0.717038,0.191086,7.31506,6.82186,0.838674,7.32207,400.067,2999.57,11,11.1
Watson,LI_28,Patch_5,-5.28E-05,-1.52E-11,-3.24E-05,4.05801,2999.12,15,"232,500",0.10885,50.0851,49.9773,7.32563,6.84342,50.3063,7.33255,399.952,2999.12,6.9,7
Watson,LI_28,Patch_5,6.35E-05,1.82E-11,3.89E-05,4.04775,3000.6,15,"232,500",0.10885,99.8089,100.016,7.32984,6.84985,100.129,7.33673,399.959,3000.6,2.9,3
Watson,LI_28,Patch_5,0.000156694,4.49E-11,9.60E-05,4.04482,2999.38,15,"232,500",0.10885,199.512,200.001,7.32298,6.83943,199.923,7.33089,399.919,2999.38,3,3.1
Watson,LI_28,Patch_5,0.000144687,4.15E-11,8.86E-05,4.10987,3000.2,15,"232,500",0.10885,299.453,299.957,7.3246,6.85298,299.809,7.33159,399.986,3000.2,2.9,3
Watson,LI_28,Patch_5,0.000343318,9.84422E-11,0.00021027,4.153075,3000.415,15,232500,0.10885,398.9605,400.0225,7.340935,6.83433,399.2575,7.346275,399.9545,3000.415,4.4,4.4
Watson,LI_28,Patch_5,0.000245525,7.04E-11,0.000150375,4.16185,3000.52,15,"232,500",0.10885,419.175,419.985,7.28378,6.81921,419.468,7.29023,399.985,3000.52,1.4,1.6
Watson,LI_28,Patch_5,0.00039557,1.13E-10,0.000242272,4.21346,3000.55,15,"232,500",0.10885,598.733,600.03,7.36571,6.85441,598.691,7.37144,400.133,3000.55,2.8,3
Watson,LI_28,Patch_5,0.000397395,1.14E-10,0.00024339,4.25012,3000.05,15,"232,500",0.10885,798.49,799.901,7.37032,6.8516,798.478,7.37976,399.902,3000.05,3,3
Watson,LI_28,Patch_5,0.000369294,1.06E-10,0.000226179,4.26407,2999.78,15,"232,500",0.10885,998.389,999.861,7.36303,6.81739,998.168,7.36809,400.016,2999.78,2.6,2.9
Watson,LI_28,Patch_5,0.000277142,7.95E-11,0.000169739,4.50934,2999.85,15,"232,500",0.10885,1198.69,1200.04,7.37986,6.8357,1198.38,7.38833,399.99,2999.85,3,3.2
Watson,LI_28,Patch_5,0.000418893,1.20E-10,0.000256557,4.37649,2999.83,15,"232,500",0.10885,1397.99,1399.81,7.38771,6.83891,1397.76,7.39527,400.061,2999.83,2.9,3
Watson,LI_28,Patch_5,0.000463301,1.33E-10,0.000283755,4.24487,2999.42,15,"232,500",0.10885,1597.95,1600.02,7.37503,6.80855,1597.57,7.37933,400.064,2999.42,2.9,2.9
Watson,LI_27,Patch_6,-0.000168777,-1.47E-11,-0.000421416,4.03244,2999.59,15,"763,750",0.0267,0.563179,0.141891,7.8558,6.83675,0.804676,7.86159,400.072,2999.59,11,11
Watson,LI_27,Patch_6,5.71E-05,4.98E-12,0.000142462,4.03671,2999.64,15,"763,750",0.0267,49.7967,49.9902,7.85522,6.84258,50.1374,7.86101,399.904,2999.64,7,7
Watson,LI_27,Patch_6,0.000170472,1.49E-11,0.000425649,4.04535,3000.1,15,"763,750",0.0267,99.4481,99.9759,7.85059,6.83644,99.8875,7.85642,400.032,3000.1,3,3
Watson,LI_27,Patch_6,0.00028399,2.48E-11,0.00070909,4.07838,2999.99,15,"763,750",0.0267,199.052,199.96,7.82725,6.84021,199.555,7.83513,399.999,2999.99,3,3
Watson,LI_27,Patch_6,0.00032513,2.84E-11,0.00081181,4.06267,3000.02,15,"763,750",0.0267,298.826,299.936,7.8029,6.81615,299.431,7.80987,400.005,3000.02,2.8,3
Watson,LI_27,Patch_6,0.000431128,3.76325E-11,0.001076473,4.04272,2999.225,15,763750,0.0267,398.55,400.044,7.83103,6.79479,398.961,7.836695,400.0285,2999.225,4.7,4.75
Watson,LI_27,Patch_6,0.000389082,3.40E-11,0.00097149,3.99968,2999.58,15,"763,750",0.0267,418.603,419.99,7.78271,6.80083,419.054,7.78973,399.978,2999.58,3.2,3.1
Watson,LI_27,Patch_6,0.000478708,4.18E-11,0.001195277,4.04503,3000.47,15,"763,750",0.0267,598.161,599.978,7.81592,6.78724,598.313,7.82497,399.978,3000.47,3,3.1
Watson,LI_27,Patch_6,0.000543517,4.74E-11,0.001357096,4.12106,3000.48,15,"763,750",0.0267,797.796,799.978,7.81055,6.78639,797.997,7.81808,400.087,3000.48,2.8,3
Watson,LI_27,Patch_6,0.000575106,5.02E-11,0.001435971,4.1221,3000.21,15,"763,750",0.0267,997.563,1000.03,7.78603,6.76205,997.519,7.79414,400.074,3000.21,3,2.9
Watson,LI_27,Patch_6,0.00055968,4.89E-11,0.001397452,4.12949,2999.4,15,"763,750",0.0267,1197.48,1200.08,7.74131,6.74634,1197.28,7.75027,399.986,2999.4,2.8,3
Watson,LI_27,Patch_6,0.000583872,5.10E-11,0.001457858,4.16392,2999.26,15,"763,750",0.0267,1397.27,1400.07,7.71625,6.76419,1397.29,7.72257,400.085,2999.26,2.8,3.2
Watson,LI_27,Patch_6,0.000673695,5.88E-11,0.001682134,4.09247,2999.87,15,"763,750",0.0267,1596.99,1600.14,7.66739,6.75646,1596.92,7.67374,400.053,2999.87,2.9,3
Watson,LI_29,Patch_7,-0.000142638,-1.79E-11,-0.000287721,4.01829,2999.96,15,"531,250",0.03305,0.586388,0.230073,7.31006,6.85452,0.742108,7.31664,400.012,2999.96,11.1,11.1
Watson,LI_29,Patch_7,2.53E-05,3.17E-12,5.10E-05,4.02875,2999.4,15,"531,250",0.03305,49.918,50.0051,7.32981,6.85356,50.1732,7.33624,399.996,2999.4,7,7
Watson,LI_29,Patch_7,0.000142933,1.79E-11,0.000288317,4.07028,2999.91,15,"531,250",0.03305,99.5829,99.991,7.33412,6.82897,99.9366,7.34052,399.898,2999.91,3,3
Watson,LI_29,Patch_7,0.000217434,2.73E-11,0.000438597,4.16619,3000.26,15,"531,250",0.03305,199.346,199.994,7.36354,6.84379,199.716,7.37051,399.974,3000.26,2.9,3
Watson,LI_29,Patch_7,0.000244636,3.07E-11,0.000493466,4.2428,3000.04,15,"531,250",0.03305,299.229,299.999,7.38236,6.85636,299.693,7.38959,400.101,3000.04,3,3.1
Watson,LI_29,Patch_7,0.000332075,4.16722E-11,0.000669844,3.979555,3000.005,15,531250,0.03305,399.013,400.025,7.305895,6.853375,399.365,7.30998,400.035,3000.005,4.75,4.75
Watson,LI_29,Patch_7,0.00026914,3.38E-11,0.000542895,4.1879,3000.41,15,"531,250",0.03305,419.101,420.004,7.3814,6.83628,419.377,7.38514,400.006,3000.41,2,2
Watson,LI_29,Patch_7,0.000397495,4.99E-11,0.000801805,3.94228,3000.55,15,"531,250",0.03305,598.693,599.964,7.27383,6.81311,598.647,7.27914,400.237,3000.55,3.1,3
Watson,LI_29,Patch_7,0.000347437,4.36E-11,0.000700831,3.9084,2999.96,15,"531,250",0.03305,798.749,799.975,7.28315,6.83908,798.682,7.29331,399.952,2999.96,3,3
Watson,LI_29,Patch_7,0.000454613,5.70E-11,0.00091702,3.91132,3000,15,"531,250",0.03305,998.507,1000.08,7.28777,6.85386,998.219,7.29409,399.991,3000,2.8,3
Watson,LI_29,Patch_7,0.000384073,4.82E-11,0.000774732,3.93733,3000.43,15,"531,250",0.03305,1198.44,1199.93,7.27694,6.83814,1198.13,7.2851,399.964,3000.43,2.7,3
Watson,LI_29,Patch_7,0.000414396,5.20E-11,0.000835898,3.90997,3000.34,15,"531,250",0.03305,1398.34,1399.98,7.28178,6.8528,1398.18,7.28921,400.097,3000.34,3,3.1
Watson,LI_29,Patch_7,0.000422172,5.30E-11,0.000851582,3.89343,2999.77,15,"531,250",0.03305,1598.11,1599.84,7.27425,6.85533,1597.75,7.28153,399.93,2999.77,2.8,3
Watson,LI_33,Patch_8,-0.000120173,-4.42E-11,-0.000409796,4.0357,3000,15,"181,250",0.01955,0.22881,-0.0715191,7.54203,6.84723,0.823911,7.55553,399.923,3000,2,2.1
Watson,LI_33,Patch_8,-2.88E-05,-1.06E-11,-9.81E-05,4.19484,2999.7,15,"181,250",0.01955,50.023,49.9863,7.53743,6.83903,50.5546,7.55091,399.984,2999.7,7,7
Watson,LI_33,Patch_8,3.74E-05,1.38E-11,0.000127698,4.20273,3000.28,15,"181,250",0.01955,99.8258,99.9901,7.53616,6.83342,100.456,7.54965,400.012,3000.28,3,3
Watson,LI_33,Patch_8,0.000135893,5.00E-11,0.000463403,4.17767,2999.76,15,"181,250",0.01955,199.485,199.964,7.53255,6.83991,200.239,7.54686,399.944,2999.76,3.1,3
Watson,LI_33,Patch_8,0.000183243,6.74E-11,0.000624871,4.15182,3000.24,15,"181,250",0.01955,299.307,299.976,7.51907,6.81948,300.157,7.53332,400.076,3000.24,3,3.1
Watson,LI_33,Patch_8,0.000282128,1.03771E-10,0.000962072,3.98521,3000.515,15,181250,0.01955,399.046,400.041,7.532425,6.812205,399.6955,7.546695,399.9525,3000.515,4.8,4.7
Watson,LI_33,Patch_8,0.000252852,9.30E-11,0.000862241,4.11781,2999.83,15,"181,250",0.01955,419.136,420.054,7.51719,6.84043,419.863,7.53413,399.958,2999.83,2.7,2.7
Watson,LI_33,Patch_8,0.000282103,1.04E-10,0.000961987,3.98579,3000.21,15,"181,250",0.01955,598.794,599.926,7.51308,6.80555,599.264,7.52981,400.073,3000.21,3,2.9
Watson,LI_33,Patch_8,0.000357088,1.31E-10,0.00121769,4.00038,2999.8,15,"181,250",0.01955,798.523,799.988,7.52052,6.80895,799.221,7.53428,400.103,2999.8,2.9,3.1
Watson,LI_33,Patch_8,0.000212146,7.80E-11,0.00072343,3.99808,2999.58,15,"181,250",0.01955,998.548,999.782,7.51011,6.81073,998.784,7.52659,400.01,2999.58,3,3
Watson,LI_33,Patch_8,0.000348533,1.28E-10,0.001188518,4.00453,3000.3,15,"181,250",0.01955,1198.31,1200.02,7.51347,6.8187,1198.5,7.52828,400.085,3000.3,3,3
Watson,LI_33,Patch_8,0.000304569,1.12E-10,0.001038599,4.02625,2999.83,15,"181,250",0.01955,1398.24,1399.98,7.53289,6.83827,1398.49,7.54785,400.021,2999.83,3.2,3.2
Watson,LI_33,Patch_8,0.000375481,1.38E-10,0.001280411,4.04695,3000.37,15,"181,250",0.01955,1597.97,1600.06,7.543,6.82802,1598.33,7.55687,399.958,3000.37,2.7,2.8
Watson,LI_31,Patch_9,-0.000275455,-6.44E-11,-0.000459092,4.17049,2999.77,15,"285,000",0.04,0.766912,0.0786973,7.49599,6.8033,1.03062,7.51097,399.935,2999.77,11,11.1
Watson,LI_31,Patch_9,-0.000116327,-2.72E-11,-0.000193878,4.15245,3000.17,15,"285,000",0.04,50.2338,49.978,7.48786,6.79531,50.5972,7.5029,399.952,3000.17,6.9,7
Watson,LI_31,Patch_9,-6.17E-05,-1.44E-11,-0.000102753,4.11942,3000.46,15,"285,000",0.04,100.059,99.9713,7.49423,6.83523,100.522,7.50922,399.982,3000.46,2.9,3
Watson,LI_31,Patch_9,1.43E-05,3.34E-12,2.38E-05,4.09844,2999.73,15,"285,000",0.04,199.807,199.975,7.4799,6.82297,200.384,7.4953,399.936,2999.73,3.1,3.1
Watson,LI_31,Patch_9,5.15E-05,1.20E-11,8.58E-05,4.09032,3000.66,15,"285,000",0.04,299.648,299.971,7.48426,6.84044,300.291,7.49829,400.051,3000.66,3.1,3
Watson,LI_31,Patch_9,0.000131048,3.06546E-11,0.000218414,4.124005,3000.27,15,285000,0.04,399.4125,400.026,7.536515,6.82597,399.8525,7.550645,400.1015,3000.27,4.8,4.8
Watson,LI_31,Patch_9,4.63E-05,1.08E-11,7.72E-05,4.03477,2998.99,15,"285,000",0.04,419.511,419.899,7.47416,6.83026,420.012,7.48943,400.008,2998.99,3.2,3.1
Watson,LI_31,Patch_9,0.000194771,4.56E-11,0.000324619,4.09805,3000.41,15,"285,000",0.04,599.04,599.973,7.51477,6.7757,599.357,7.53157,400.011,3000.41,2.8,3
Watson,LI_31,Patch_9,0.000302879,7.08E-11,0.000504798,4.08276,2999.8,15,"285,000",0.04,798.63,799.976,7.51965,6.78824,799.013,7.53376,399.867,2999.8,3,3.1
Watson,LI_31,Patch_9,0.000258501,6.05E-11,0.000430835,4.08036,3000.15,15,"285,000",0.04,998.697,1000.07,7.53884,6.81669,998.806,7.55393,399.963,3000.15,2.8,3
Watson,LI_31,Patch_9,0.000120219,2.81E-11,0.000200365,4.08508,3000.38,15,"285,000",0.04,1198.78,1199.95,7.56284,6.84308,1198.56,7.57768,399.943,3000.38,2.8,3
Watson,LI_31,Patch_9,0.000245918,5.75E-11,0.000409864,4.10826,2999.84,15,"285,000",0.04,1398.45,1400.11,7.55659,6.81475,1398.59,7.57046,400.079,2999.84,2.8,3
Watson,LI_31,Patch_9,0.000221077,5.17E-11,0.000368462,4.10987,2999.83,15,"285,000",0.04,1598.2,1599.94,7.56788,6.8306,1598.2,7.58135,399.999,2999.83,2.8,3
Yellow_Aster,LI_21,Patch_1,-0.00015207,-5.41E-11,-0.00015853,4.0226,2999.16,15,"187,500",0.06395,0.17474,-0.205325,7.26748,6.83524,0.992616,7.28648,400.036,2999.16,3,3
Yellow_Aster,LI_21,Patch_1,-4.17E-05,-1.48E-11,-4.35E-05,4.03416,3000.19,15,"187,500",0.06395,50.0458,49.9631,7.26926,6.84209,50.7949,7.29044,400.043,3000.19,6.9,7.1
Yellow_Aster,LI_21,Patch_1,3.02E-05,1.07E-11,3.15E-05,4.02758,2999.82,15,"187,500",0.06395,99.8316,99.9488,7.2516,6.837,100.68,7.27291,400.071,2999.82,2.9,3.1
Yellow_Aster,LI_21,Patch_1,0.000234771,8.35E-11,0.000244744,4.02136,2999.88,15,"187,500",0.06395,199.419,200.091,7.24116,6.81859,200.417,7.26021,399.871,2999.88,3.1,3.1
Yellow_Aster,LI_21,Patch_1,0.000315378,1.12E-10,0.000328775,4.04929,2999.41,15,"187,500",0.06395,299.124,300.037,7.26856,6.85518,300.298,7.29164,400.001,2999.41,3.1,3.1
Yellow_Aster,LI_21,Patch_1,0.00036667,1.30371E-10,0.000382246,3.99786,2999.805,15,187500,0.06395,398.951,400.0385,7.251375,6.82617,399.857,7.273115,400.0205,2999.805,4.95,4.95
Yellow_Aster,LI_21,Patch_1,0.00031889,1.13E-10,0.000332436,4.01859,3000.29,15,"187,500",0.06395,419.046,420.015,7.23542,6.82779,420.059,7.25925,400.143,3000.29,3.2,3.2
Yellow_Aster,LI_21,Patch_1,0.000483466,1.72E-10,0.000504004,4.01678,3000.13,15,"187,500",0.06395,598.504,599.972,7.27438,6.84361,599.443,7.29241,400.123,3000.13,2.9,3
Yellow_Aster,LI_21,Patch_1,0.000491952,1.75E-10,0.00051285,4.02551,2999.24,15,"187,500",0.06395,798.452,800.028,7.26746,6.83688,799.476,7.28871,400.063,2999.24,3,3.1
Yellow_Aster,LI_21,Patch_1,0.000535609,1.90E-10,0.000558363,4.01767,3000.44,15,"187,500",0.06395,998.242,1000.03,7.24098,6.79418,999.097,7.2593,400.087,3000.44,2.7,3
Yellow_Aster,LI_21,Patch_1,0.000501786,1.78E-10,0.000523103,4.0329,3000.41,15,"187,500",0.06395,1198.16,1199.93,7.23583,6.80869,1198.93,7.25279,399.993,3000.41,2.8,2.9
Yellow_Aster,LI_21,Patch_1,0.000516013,1.83E-10,0.000537934,4.08155,3000.22,15,"187,500",0.06395,1397.96,1399.85,7.2632,6.83691,1398.96,7.28195,400.102,3000.22,2.6,2.9
Yellow_Aster,LI_21,Patch_1,0.000630196,2.24E-10,0.000656967,4.08435,3000.62,15,"187,500",0.06395,1598.02,1600.32,7.29495,6.84465,1599.02,7.30906,400.093,3000.62,2.9,3.2
Yellow_Aster,LI_22,Patch_2,-0.00026718,-8.19E-11,-0.000452081,3.97861,3000.26,15,"217,500",0.0394,0.566822,-0.100945,7.23714,6.84963,1.17311,7.25221,399.977,3000.26,1.9,2
Yellow_Aster,LI_22,Patch_2,-0.000128656,-3.94E-11,-0.000217692,3.99007,2999.5,15,"217,500",0.0394,50.2868,49.9831,7.19558,6.84335,50.8155,7.21297,400.123,2999.5,7,7
Yellow_Aster,LI_22,Patch_2,-3.29E-05,-1.01E-11,-5.57E-05,4.00394,3000.55,15,"217,500",0.0394,100.078,100.03,7.12966,6.78926,100.706,7.14754,399.947,3000.55,3,3
Yellow_Aster,LI_22,Patch_2,0.000180478,5.53E-11,0.000305378,4.0163,3000.56,15,"217,500",0.0394,199.544,200.066,7.13232,6.77939,200.265,7.1489,400.112,3000.56,3,3.1
Yellow_Aster,LI_22,Patch_2,0.000246094,7.54E-11,0.000416403,4.05015,3000.34,15,"217,500",0.0394,299.313,300.033,7.15057,6.80332,300.163,7.16614,399.948,3000.34,2.7,3
Yellow_Aster,LI_22,Patch_2,0.000587455,1.80063E-10,0.000994,4.00061,3000.4,15,217500,0.0394,398.4435,400.0905,7.24386,6.798065,399.115,7.26243,400.1635,3000.4,4.4,4.5
Yellow_Aster,LI_22,Patch_2,0.000289427,8.87E-11,0.000489724,4.07736,3000.13,15,"217,500",0.0394,419.15,420.015,7.13034,6.79538,419.904,7.1504,399.986,3000.13,0.8,0.8
Yellow_Aster,LI_22,Patch_2,0.000492987,1.51E-10,0.000834157,3.99144,2999.84,15,"217,500",0.0394,598.504,600.016,7.25418,6.79091,598.989,7.27251,399.923,2999.84,2.8,3
Yellow_Aster,LI_22,Patch_2,0.000603878,1.85E-10,0.00102179,4.01306,3000.03,15,"217,500",0.0394,798.234,800.127,7.25426,6.77759,798.802,7.26647,399.992,3000.03,2.6,3
Yellow_Aster,LI_22,Patch_2,0.000560297,1.72E-10,0.00094805,3.98505,2999.65,15,"217,500",0.0394,998.184,1000.06,7.24567,6.77272,998.547,7.26328,400.08,2999.65,3.1,3.2
Yellow_Aster,LI_22,Patch_2,0.000422103,1.29E-10,0.000714218,4.00568,3000.33,15,"217,500",0.0394,1198.27,1199.91,7.23822,6.75359,1198.5,7.25448,400.079,3000.33,2.7,3
Yellow_Aster,LI_22,Patch_2,0.000603035,1.85E-10,0.001020363,4.02533,2999.49,15,"217,500",0.0394,1397.78,1399.97,7.2361,6.75149,1398.23,7.2528,399.974,2999.49,2.7,3
Yellow_Aster,LI_22,Patch_2,0.000518371,1.59E-10,0.000877108,4.03459,2999.85,15,"217,500",0.0394,1597.76,1599.81,7.2552,6.78665,1598.15,7.26901,400.009,2999.85,2.9,3
Yellow_Aster,LI_23,Patch_3,-0.000211482,-4.95E-11,-0.000172991,4.08543,2999.98,15,"285,000",0.0815,0.44849,-0.0800474,7.27237,6.75069,0.968874,7.286,399.948,2999.98,1.8,1.9
Yellow_Aster,LI_23,Patch_3,-7.86E-05,-1.84E-11,-6.43E-05,4.0712,2999.73,15,"285,000",0.0815,50.1603,49.9894,7.28162,6.77338,50.6052,7.29684,400.072,2999.73,7,7
Yellow_Aster,LI_23,Patch_3,3.93E-06,9.20E-13,3.22E-06,4.03913,3000.1,15,"285,000",0.0815,99.9236,99.9847,7.25493,6.74554,100.467,7.27036,400.022,3000.1,3,3
Yellow_Aster,LI_23,Patch_3,9.50E-05,2.22E-11,7.77E-05,4.00636,2999.96,15,"285,000",0.0815,199.693,200.032,7.2643,6.75964,200.259,7.27711,399.946,2999.96,2.9,3.1
Yellow_Aster,LI_23,Patch_3,0.000214164,5.01E-11,0.000175185,4.00763,3000.12,15,"285,000",0.0815,299.363,300.048,7.27669,6.78035,300.037,7.28982,400.063,3000.12,2.9,3.1
Yellow_Aster,LI_23,Patch_3,0.000354687,8.29676E-11,0.000290132,4.1133,3000.13,15,285000,0.0815,398.93,400.031,7.295885,6.76242,399.466,7.31157,400.047,3000.13,4.5,4.5
Yellow_Aster,LI_23,Patch_3,0.000287237,6.72E-11,0.000234958,3.93699,3000.04,15,"285,000",0.0815,419.028,419.95,7.26895,6.78575,419.626,7.28522,400.027,3000.04,2.9,3
Yellow_Aster,LI_23,Patch_3,0.000363106,8.49E-11,0.00029702,4.17398,3000.03,15,"285,000",0.0815,598.733,599.98,7.30724,6.74479,599.057,7.32484,400.001,3000.03,3,3
Yellow_Aster,LI_23,Patch_3,0.00039555,9.25E-11,0.000323558,4.14337,3000.25,15,"285,000",0.0815,798.593,800.037,7.31166,6.74608,798.99,7.32619,399.947,3000.25,2.8,3
Yellow_Aster,LI_23,Patch_3,0.000435883,1.02E-10,0.00035655,4.12488,2999.83,15,"285,000",0.0815,998.452,1000.09,7.31499,6.76995,998.641,7.33182,399.968,2999.83,2.9,2.9
Yellow_Aster,LI_23,Patch_3,0.000469811,1.10E-10,0.000384303,4.10149,2999.27,15,"285,000",0.0815,1198.36,1200.2,7.29865,6.74749,1198.36,7.31497,399.956,2999.27,2.8,3
Yellow_Aster,LI_23,Patch_3,0.00046777,1.09E-10,0.000382634,4.07469,3000.49,15,"285,000",0.0815,1398.19,1400.12,7.2904,6.75049,1398.42,7.30622,399.954,3000.49,2.9,3.2
Yellow_Aster,LI_23,Patch_3,0.000386318,9.04E-11,0.000316007,4.07584,3000.37,15,"285,000",0.0815,1598.2,1600.01,7.29843,6.77409,1598.23,7.31164,399.982,3000.37,3,3
Yellow_Aster,LI_24,Patch_4,-0.000237567,-1.12E-10,-0.001025102,4.11958,2999.77,15,141250,0.01545,0.595919,0.00200866,7.32081,6.78269,1.04841,7.33419,399.788,2999.77,0.4,0.7
Yellow_Aster,LI_24,Patch_4,-0.000147221,-6.95E-11,-0.000635257,4.15915,3000.1,15,141250,0.01545,50.3572,50.0176,7.32708,6.76489,50.7183,7.34112,399.927,3000.1,7,7.1
Yellow_Aster,LI_24,Patch_4,-0.000104742,-4.94E-11,-0.00045196,4.15729,3000.01,15,141250,0.01545,100.2,99.9959,7.33239,6.76116,100.66,7.34639,400.144,3000.01,3,3.1
Yellow_Aster,LI_24,Patch_4,-7.08E-06,-3.34E-12,-3.06E-05,4.17812,2999.72,15,141250,0.01545,199.893,199.991,7.34306,6.7685,200.433,7.35557,399.997,2999.72,3,3.1
Yellow_Aster,LI_24,Patch_4,3.83E-05,1.81E-11,0.000165121,4.14463,2999.63,15,141250,0.01545,299.779,300.044,7.34394,6.78324,300.431,7.35468,399.985,2999.63,2.9,3.1
Yellow_Aster,LI_24,Patch_4,0.000312828,1.47647E-10,0.001349851,4.11672,3000.005,15,141250,0.01545,399.022,400.0175,7.32263,6.79136,399.5055,7.335405,400.071,3000.005,4.4,4.45
Yellow_Aster,LI_24,Patch_4,6.13E-05,2.89E-11,0.000264315,4.09421,3000.06,15,141250,0.01545,419.554,419.931,7.32179,6.79208,420.048,7.33502,400.048,3000.06,1.7,1.6
Yellow_Aster,LI_24,Patch_4,0.000268366,1.27E-10,0.001157997,3.97573,2999.56,15,141250,0.01545,599.023,600.011,7.27072,6.74515,599.283,7.28613,400.029,2999.56,2.9,3
Yellow_Aster,LI_24,Patch_4,0.000293943,1.39E-10,0.001268364,3.99973,3000.11,15,141250,0.01545,798.942,800.082,7.25448,6.75081,799.223,7.26639,400.11,3000.11,2.9,2.9
Yellow_Aster,LI_24,Patch_4,0.000286211,1.35E-10,0.001234999,4.03018,3000.07,15,141250,0.01545,998.861,1000.05,7.24032,6.76977,999,7.25518,399.983,3000.07,2.9,3
Yellow_Aster,LI_24,Patch_4,0.000173329,8.18E-11,0.000747915,4.04301,2999.76,15,141250,0.01545,1198.95,1199.96,7.26473,6.7872,1198.78,7.279,400.044,2999.76,2.8,3
Yellow_Aster,LI_24,Patch_4,0.00029402,1.39E-10,0.001268695,4.08152,2999.99,15,141250,0.01545,1398.7,1400.11,7.26567,6.7866,1398.89,7.27997,400.016,2999.99,2.9,3
Yellow_Aster,LI_24,Patch_4,0.000345082,1.63E-10,0.001489027,4.09881,2999.62,15,141250,0.01545,1598.38,1600.01,7.27347,6.79675,1598.42,7.28701,400.124,2999.62,2.7,3